,neuroid,dataset,R,NC Normalized R,R Fischer,NC Normalized R Fischer,Noise Ceiling,Num Features,Average Num Features Agree Direction,Alpha Mean,Alpha Median,Language T-Stat,PC1 Correlation,PC2 Correlation,Parcel Name,R Fischer SEM,NC Normalized R Fischer SEM,Participant
0,1,ghost_additional,0.07783273809158424,0.13595746136310538,0.07885029072266897,0.13773491229079654,0.5724786069939491,10,3.2,46000.0,10000.0,-0.6798478861272494,0.0943558008733745,-0.0923103744511614,7PL,0.061517363497180205,0.10745792549385241,p1
1,420,ghost_additional,0.09116548708582736,0.15457493552253632,0.09265701067013189,0.15710387678357693,0.5897818218564669,10,7.2,28000.0,10000.0,3.359789589619743,-0.0430589707278793,-0.048302932558474,PCV,0.07062816273033827,0.11975303427972861,p1
2,436,ghost_additional,-0.07395068291080314,-0.11529628540636205,-0.07496887219187637,-0.11688374122593728,0.6413969248893299,10,6.6,62200.0,100000.0,1.2606822984012862,0.0211615641565374,-0.0468237257364766,TGd,0.06965219691957587,0.1085945289363432,p1
3,588,ghost_additional,-0.01564636826543122,-0.026318798443354666,-0.01630822665004991,-0.027432112225014113,0.5944940191364181,10,2.6,62200.0,100000.0,-0.120396825678285,-0.0684823605280132,0.0164975289833907,Unknown,0.061334033196792995,0.10317014338662123,p1
4,671,ghost_additional,0.15168473596310408,0.23442148677925806,0.1529337936780541,0.23635184559059494,0.6470598665980535,10,4.8,10000.0,10000.0,-1.1972710313618853,-0.0183743574033751,-0.0828483746701634,7PL,0.04987891789594465,0.07708547612168455,p1
5,818,ghost_additional,0.2135761497593994,0.3456676477963433,0.2156983527962528,0.3491023802452697,0.61786560333593,10,5.8,8200.0,10000.0,3.893431314234611,0.0890438676419753,-0.1321489328276461,PHT,0.04951276664904572,0.08013517240921067,p1
6,1057,ghost_additional,0.023953693041110398,0.04150350326130965,0.02609263271379949,0.045209549319795886,0.5771487021299352,10,3.4,46000.0,10000.0,-3.4924108685317967,0.120416848231995,-0.0085230806461445,AIP,0.10427627840578413,0.18067489023358854,p1
7,1110,ghost_additional,0.1332219456064347,0.2281805000085198,0.13363203156705622,0.22888288893637357,0.5838445686702433,10,5.0,10000.0,10000.0,0.9927042215165276,-0.0670898245769165,0.035365333983556,9m,0.028728738483309257,0.04920614153993323,p1
8,1224,ghost_additional,0.05004529867495955,0.08468262334483205,0.05034258596795789,0.0851856689560031,0.5909748269272728,10,5.8,28000.0,10000.0,7.658107780353053,-0.0208841239374103,0.0150632522811602,PGi,0.0392697985919809,0.06644919005461052,p1
9,1303,ghost_additional,0.013141670309615239,0.022503343736540858,0.01363916464517309,0.023355235906735477,0.5839874493085149,10,6.8,46000.0,10000.0,0.5913089319867842,-0.1254102695334484,-0.09285248957821,POS1,0.054121876690248094,0.09267643808840836,p1
10,1622,ghost_additional,0.025835079249577807,0.04499000470340493,0.02652122080464755,0.04618487279308938,0.5742404211756519,10,5.4,62200.0,100000.0,2.8088203157904936,0.0368554799865674,0.003444147803251,10r,0.06897560076339729,0.12011624089816318,p1
11,1667,ghost_additional,0.12251373866578733,0.21506880270856638,0.12351325325598272,0.216823417403572,0.5696490477598567,10,6.4,4420.0,1000.0,6.824695706969778,0.0161984772370201,-0.1222560417443922,TPOJ3,0.04355680355486655,0.0764625232433084,p1
12,1855,ghost_additional,0.3357522143014674,0.5393024368035215,0.3409542615926095,0.5476582321221523,0.6225675824709624,10,7.0,1000.0,1000.0,3.3008977742473813,0.0414271556031681,0.0750827041259112,9m,0.05762866724172072,0.09256612272195945,p1
13,1940,ghost_additional,0.18863761747518176,0.31671726377849146,0.1927589828826354,0.3236369205911194,0.5956025738057424,10,7.2,22600.0,1000.0,0.8129461160552222,-0.1344569302994901,-0.0946526297834728,PCV,0.06822080402667716,0.11454081467573976,p1
14,2299,ghost_additional,0.33430946303275955,0.5836867669248952,0.33522579406994873,0.5852866327967071,0.5727549123548593,10,4.6,460.0,100.0,-2.4141316099451564,0.1292578621493733,-0.125910298583158,FST,0.024284447029196965,0.04239936926835322,p1
15,2302,ghost_additional,0.2068472400124083,0.3287001652623855,0.21289118497642961,0.33830457530136593,0.629288518450522,10,7.0,640.0,1000.0,5.151181768138144,-0.0028463512100743,0.0557819230323112,PGi,0.07637438823682957,0.1213662509287217,p1
16,2857,ghost_additional,0.21150141605720174,0.34338620717294016,0.2196688080734247,0.3566464955399308,0.6159286879879917,10,6.8,8200.0,10000.0,-1.042871475461605,-0.0624264308414943,-0.1111380683506569,7Am,0.09549299504797781,0.15503904414635672,p1
17,2890,ghost_additional,0.19193543343273478,0.3332055018692675,0.1960752753387952,0.340392387976213,0.5760272035005,10,3.8,8200.0,10000.0,0.7470605711451189,-0.0824902942972801,0.0828810241048216,STSvp,0.06658660367356994,0.11559628307296106,p1
18,3169,ghost_additional,0.16882952785313762,0.28308472686836617,0.1752997083258889,0.29393359492603865,0.5963922169903677,10,3.0,6400.0,10000.0,0.7643768739395869,-0.0845779148694477,-0.1077923823779147,PGp,0.08981895837187856,0.1506038405818586,p1
19,3276,ghost_additional,0.17063488090089646,0.29940452068757717,0.17221456903028398,0.30217632071297656,0.5699141766765461,10,5.2,8200.0,10000.0,4.902620929765783,-0.0368172216481355,-0.04732257094723,TE1a,0.04899860405788101,0.08597540833887711,p1
20,3411,ghost_additional,-0.08525827909041797,-0.14870718988562473,-0.08582881746148312,-0.14970232090149996,0.5733299052721844,10,6.8,100000.0,100000.0,-1.0034934906300603,-0.1034100276356245,0.0826389230950621,9a,0.04369765693511822,0.07621729920816368,p1
21,3416,ghost_additional,0.06359519767977873,0.11107801174244436,0.06437656314354806,0.11244277709150008,0.5725273317570391,10,5.6,64000.0,100000.0,3.079153572740637,-0.0185813679074716,-0.1339051665748757,9-46d,0.048494913083948196,0.08470322794043966,p1
22,3738,ghost_additional,0.27934966029456143,0.4554229358773011,0.28101739771260054,0.45814184332252555,0.6133851378311415,10,8.4,1000.0,1000.0,5.78413465848069,0.0405085640712927,-0.1316792340303363,TPOJ3,0.037721795457114404,0.06149773304011618,p1
23,3739,ghost_additional,0.3978121344897803,0.6338624165639963,0.4021499278198765,0.640774131728986,0.6276001291356201,10,8.2,460.0,100.0,6.901333483281651,0.0448647291990482,-0.023994508974431,TPOJ3,0.04704613285580489,0.0749619553466321,p1
24,3741,ghost_additional,0.2953526815357049,0.4461502123917839,0.2991638741055708,0.45190727667733743,0.6620027814227349,10,7.0,820.0,1000.0,1.814088669395774,-0.012261830953518,0.0196608610192554,TPOJ3,0.05457511410125432,0.08243940302481041,p1
25,4051,ghost_additional,0.13281354116951102,0.22760143790111334,0.13367193141609274,0.229072453978856,0.5835355979922012,10,3.6,8200.0,10000.0,-0.8030142034498704,0.0194836132881703,-0.111585236499449,6a,0.1285276522378826,0.22025674642663415,p1
26,4094,ghost_additional,0.27256159780663997,0.42576969358265143,0.27373228141117034,0.4275984236884117,0.6401620451497205,10,6.8,1000.0,1000.0,2.162385098223914,0.0267152349805404,0.1181419086802881,8BL,0.03016256329821637,0.0471170753198309,p1
27,4204,ghost_additional,0.3493642558754752,0.47321739497344023,0.3588893819140886,0.4861192739006105,0.7382743313886075,10,7.2,100.0,100.0,9.25583601923945,0.1203084599415226,0.0427490616803969,PFm,0.07517660355403644,0.10182746488373509,p1
28,4205,ghost_additional,0.34435578922242804,0.4715796098837809,0.3474673051674036,0.4758406896199225,0.7302177235934635,10,5.4,1000.0,1000.0,9.83280989598728,0.1181458849542794,-0.1222826406768482,PFm,0.04339361177583578,0.05942558003425626,p1
29,4321,ghost_additional,0.08534475810918489,0.14832588054208953,0.08599510577704784,0.14945615957306246,0.575386829306347,10,4.2,80200.0,100000.0,0.7868003177750049,0.0022230995445479,0.0997407701630388,PI,0.042019276266527364,0.07302787294798417,p1
30,4331,ghost_additional,-0.011358830120468507,-0.01848267634083594,-0.01284107850632841,-0.02089453714710048,0.6145663058207709,10,5.4,82000.0,100000.0,2.783161578043698,0.05918978214788,-0.051691920072087,Pir,0.08919865204814963,0.14514081101309692,p1
31,5103,ghost_additional,-0.012036112222095722,-0.01940584934666974,-0.012041972279839053,-0.01941529753023861,0.6202311482007486,10,5.4,80200.0,100000.0,-2.559269594100578,0.0578682301070663,-0.0392476692118935,FST,0.020885943524780348,0.0336744511870601,p1
32,5112,ghost_additional,0.22133427875116496,0.35730240262507057,0.22372723958449015,0.3611653860723658,0.6194592511134566,10,6.0,1000.0,1000.0,7.245910758401112,0.0988861488411909,-0.1325934795387214,PGi,0.04851131210386189,0.07831235390651523,p1
33,5114,ghost_additional,0.28365308191434846,0.4056761214917422,0.29211874783254876,0.41778358209947625,0.6992106926858459,10,5.8,4600.0,1000.0,4.8179263396265295,0.1348071452864353,-0.1346955707211601,PGi,0.0810961005147316,0.11598235176184288,p1
34,5125,ghost_additional,0.3293279121701672,0.5437773217663938,0.3402375204888381,0.5617909713047964,0.6056300970779472,10,5.8,1000.0,1000.0,1.0294467731022316,0.0671823883125131,0.1043292161203594,PHT,0.08856411110231688,0.1462346596208185,p1
35,5421,ghost_additional,-0.20886366737612566,-0.36365846838843857,-0.20976501937873782,-0.36522783798185143,0.5743401722547811,10,5.0,100000.0,100000.0,1.363335480576308,-0.1022227953442686,-0.0833255961860049,POS1,0.031690635621981295,0.055177466513561445,p1
36,5507,ghost_additional,0.14978039000687624,0.2560852260748565,0.15019885670917635,0.2568006945020545,0.5848849318745697,10,7.0,6400.0,10000.0,3.082067605956896,-0.1309384092056195,0.0296589028676197,STSva,0.02432101889896257,0.04158257047418395,p1
37,5516,ghost_additional,0.16518194613813614,0.27152278471250507,0.16583623888232576,0.27259829806050123,0.6083539041227601,10,6.2,8200.0,10000.0,6.742804329997103,0.0767554175328291,-0.0710558304250105,STGa,0.031207942965009144,0.051298993486383004,p1
38,5556,ghost_additional,-0.029353040064490143,-0.048375392183281,-0.03162485377734535,-0.05211946363500356,0.6067762707386347,10,5.8,100000.0,100000.0,2.674556338211137,0.0494594017362094,-0.102779734710971,PeEc,0.09399790142117811,0.15491360811910715,p1
39,6267,ghost_additional,0.20108019467542185,0.3370087438198888,0.20473336413296234,0.34313142562768295,0.5966616545204159,10,5.0,10000.0,10000.0,4.320059994691027,0.1089066980782427,-0.0522904341392568,PSL,0.07390254759575238,0.12386005877175683,p1
40,6562,ghost_additional,0.07718699382757313,0.13406045235458286,0.07983212311571745,0.13865458423251473,0.5757625942020365,10,3.6,82000.0,100000.0,2.348137364801422,-0.0973087338498136,-0.007004671074924,8BL,0.07410154515159538,0.1287015618899219,p1
41,6606,ghost_additional,0.07591640013921777,0.11848016959943934,0.07728210186480469,0.12061157429951805,0.6407519536465706,10,5.0,80200.0,100000.0,2.761029737526384,0.0293662013974869,0.047950700027569,9m,0.09362007296287636,0.14610969569437446,p1
42,6934,ghost_additional,0.06395382135297484,0.10361282882711952,0.0640979727682775,0.10384637133643272,0.6172384450547462,10,8.8,22600.0,1000.0,8.211785945786641,-0.0223383102596847,-0.0634868177308431,PCV,0.024496417341225873,0.03968712178816592,p1
43,7798,ghost_additional,-0.11133049986266812,-0.19231072545531397,-0.11183402481050396,-0.1931805073041569,0.5789094685129108,10,4.6,100000.0,100000.0,-0.4126262047380507,-0.0595659680502082,0.0884023677851948,V6A,0.035962594131088155,0.06212127471928906,p1
44,7841,ghost_additional,0.1225797287045759,0.20306308423185193,0.1256187447655638,0.20809745639840824,0.6036534369024834,10,6.6,8200.0,10000.0,6.623774783976925,0.0712441286756936,-0.0271517509718422,7m,0.07236626503387802,0.11988048209451073,p1
45,7952,ghost_additional,0.10969880117071384,0.18345538983120735,0.11115347631459176,0.185888123760383,0.5979589984881062,10,4.2,24400.0,10000.0,-2.7985774035877,-0.0857180817434738,-0.0137141528969513,PH,0.05829349926435763,0.09748745216937668,p1
46,8029,ghost_additional,0.04829118452487879,0.08097913953812101,0.0483248754977217,0.08103563568783992,0.5963410428947034,10,6.8,100000.0,100000.0,-0.9857795080059638,-0.0201719832727683,0.0189817175205523,PreS,0.011933351066645365,0.020010950460024685,p1
47,8189,ghost_additional,0.17958484997703522,0.31332378478854767,0.1848674650751075,0.32254042503587804,0.573160604766189,10,7.0,4420.0,1000.0,1.9882353138544289,0.0984991032927248,0.0540108563393308,9m,0.08341107621751412,0.1455282786777368,p1
48,8459,ghost_additional,0.1272138847867813,0.22323285922071173,0.13082236565261907,0.22956496284661954,0.5698707852906374,10,4.0,82000.0,100000.0,-1.901651591107037,0.0967989739706087,0.0224228755566064,RSC,0.09766536788053118,0.17138160158661456,p1
49,8511,ghost_additional,-0.003262787955626406,-0.005237309031886846,-0.0030852178953932764,-0.004952280003675567,0.6229893893526693,10,4.4,64000.0,100000.0,-0.9249931493885865,0.1241879566784977,0.1267369163447678,PoI1,0.061584141892752235,0.0988526336808763,p1
50,9293,ghost_additional,0.05495337463814777,0.0957573582475058,0.056478463858033255,0.09841485682242691,0.5738814817354169,10,4.2,80200.0,100000.0,0.3019208276951315,-0.0650670183352952,-0.0873684911254546,MBelt,0.06142690539947817,0.10703761552598506,p1
51,9295,ghost_additional,0.06999399287916228,0.12247350177145792,0.0720695401058859,0.12610523538876606,0.5715031567381391,10,4.6,46000.0,10000.0,-0.8613642696087673,-0.122127403357797,0.0805939509785544,PI,0.08371608911941444,0.14648403623389414,p1
52,9459,ghost_additional,0.3824530811770309,0.6343754051488788,0.38639585119590103,0.6409152827213955,0.6028813192832951,10,5.0,1000.0,1000.0,3.3106962630056262,0.0677067127963967,0.0272306091329994,PGi,0.04646537594195138,0.07707217731872898,p1
53,9712,ghost_additional,-0.08170310490051073,-0.13662306419115364,-0.08232705687108116,-0.13766643004892912,0.5980183901174793,10,5.6,100000.0,100000.0,2.816809832039828,-0.0921584743518903,-0.0098273272402096,PCV,0.05141910509957782,0.08598248139070884,p1
54,9797,ghost_additional,0.09467640465542196,0.1628853924600637,0.09557694186957551,0.16443471573745425,0.5812455200894381,10,4.2,82000.0,100000.0,-0.5200809027017046,-0.1016165835519524,0.0100241099238758,Unknown,0.05149175953442299,0.08858865617837328,p1
55,9938,ghost_additional,0.039454422115472135,0.06793199474441966,0.03968188196645097,0.06832363148810425,0.5807929277494558,10,4.8,64000.0,100000.0,6.515115522066043,0.0181400281535433,-0.0579129303439195,TE1a,0.039496872521606045,0.06800508517666443,p1
56,10271,ghost_additional,0.14884665735934566,0.24593700044177005,0.1536053493543473,0.25379971268563006,0.6052227078153202,10,4.4,26200.0,10000.0,-1.5213632994770832,-0.0859731840078549,-0.0903581930674037,7PL,0.09906276587478582,0.1636798563496963,p1
57,10569,ghost_additional,0.2764630471065974,0.47147514584259637,0.2851266705967312,0.48624993470239364,0.5863788357549935,10,2.4,6400.0,10000.0,1.7544157708756565,-0.0784395623073106,0.1382792152007099,STSvp,0.08035089908514359,0.1370289890863602,p1
58,10851,ghost_additional,0.19788591215986456,0.32090556985119556,0.2097793768422877,0.34019284007553935,0.6166484185725557,10,4.4,4600.0,1000.0,0.6821386370140867,-0.1214968630528673,-0.1330973989037455,PGp,0.10861226646516353,0.17613321171987092,p1
59,11418,ghost_additional,0.35442044007568485,0.5478003335688215,0.3644092494440599,0.5632392656540667,0.6469883611912006,10,7.8,1000.0,1000.0,7.735943771786619,0.0641795380649302,-0.0689943157849344,PGi,0.073825161014066,0.11410585636833255,p1
60,11420,ghost_additional,0.28848886504657334,0.4304296922034802,0.2945760329910271,0.4395118376245838,0.6702345824929612,10,8.2,820.0,1000.0,4.921675955893672,-0.0330170608615778,0.0020151323584093,TPOJ3,0.07665887363887758,0.11437618356507685,p1
61,11421,ghost_additional,0.28552218957792724,0.46666284154050164,0.29086393582747266,0.4753934921679928,0.6118382784354318,10,8.6,820.0,1000.0,4.364387744882286,-0.061822359868549,0.0636540534449779,PGi,0.07069695283406346,0.11554843056705583,p1
62,11492,ghost_additional,0.15984735903476546,0.2763755969780959,0.16201991296862106,0.28013193611351983,0.5783700181294738,10,8.0,8200.0,10000.0,-0.0217800002358924,0.1138878636414347,-0.1358237759747011,7m,0.05467597907368729,0.09453460131027668,p1
63,12018,ghost_additional,-0.08708722540646142,-0.1398790575224984,-0.08799632155562172,-0.14133924312318052,0.6225894494067074,10,6.0,42220.0,10000.0,0.520120453706974,0.0827532381787228,-0.051151827582846,TGd,0.05137762218046393,0.08252247484987725,p1
64,12022,ghost_additional,-0.08296136805309084,-0.13841307010263035,-0.08393371046326255,-0.14003532997299228,0.5993752467998633,10,7.0,80200.0,100000.0,2.514076152746674,0.0185068988610603,-0.0623805062032716,TGd,0.05418651651696516,0.09040499554540082,p1
65,12450,ghost_additional,0.22172215964963032,0.3726045435671604,0.22360528019267178,0.3757691314979774,0.5950602682590902,10,6.0,2800.0,1000.0,1.7592211675148908,-0.0229909069596766,0.0343868259255258,9m,0.04235043493953211,0.07116999268566972,p1
66,12511,ghost_additional,0.1782804232639537,0.3027368904643644,0.17979589101645987,0.3053102969359963,0.5888956016906018,10,6.6,820.0,1000.0,2.578864604812189,0.1010908297338031,-0.0286612255112928,13l,0.04839347217698786,0.08217665752309893,p1
67,12550,ghost_additional,0.09694329304779566,0.1693644061282496,0.09782089017509495,0.17089760880387586,0.5723947272273152,10,4.8,24400.0,10000.0,1.7107792181455308,-0.0906984848499715,0.0421671061329677,10r,0.050343192004530954,0.08795187937595755,p1
68,13000,ghost_additional,0.17550654182514222,0.30468902346454696,0.1756703557603224,0.30497341347885,0.5760185904615098,10,6.4,6400.0,10000.0,3.7938471536184,-0.0984423425008697,0.0439729803832914,31pd,0.014930977024111836,0.025920998508310367,p1
69,13013,ghost_additional,0.021984283697468833,0.0368924860769286,0.02181265932726271,0.03660447807196367,0.5959013890152856,10,6.6,82000.0,100000.0,3.933680902265808,-0.1042897114602136,0.0614447212603926,31pv,0.05206417304307134,0.08737045088803416,p1
70,13100,ghost_additional,-0.17228700649029824,-0.30223227630976507,-0.17255570119898206,-0.30270363056387983,0.5700483369741661,10,6.4,100000.0,100000.0,0.5911018721757868,-0.1141897175272273,-0.0734692245639102,POS1,0.018791987011121253,0.032965602725673566,p1
71,13101,ghost_additional,-0.20848575400746258,-0.3554590286359252,-0.20873993394446622,-0.3558923942341464,0.5865254142158862,10,3.6,100000.0,100000.0,0.6466294412702198,-0.1125832158590207,-0.0742186857295482,POS1,0.017079566678740693,0.029119908983950876,p1
72,13187,ghost_additional,0.1775274502830308,0.30560215962986176,0.17902032469471604,0.30817204751784644,0.5809103263473266,10,5.8,2800.0,1000.0,2.69664722416745,-0.1146181464028139,-0.03205647737919,STSva,0.04129365349790981,0.07108438536040124,p1
73,13817,ghost_additional,0.26658217755551217,0.4525458084645892,0.26879325778121077,0.45629930428150467,0.5890722498568268,10,6.0,4600.0,1000.0,5.317728115004935,0.0681745319322706,-0.0773436914087033,PGi,0.041165705013417986,0.06988226830142355,p1
74,13818,ghost_additional,0.26566764611413524,0.4201010939216384,0.26707394496875836,0.422324878774063,0.632389798450966,10,6.0,8200.0,10000.0,6.591560493662224,0.0724704519028128,-0.1030048496233317,PGi,0.03527425213630336,0.0557792871148576,p1
75,13937,ghost_additional,-0.03137653558068555,-0.05193462415399421,-0.0312593976709487,-0.05174073680461735,0.6041544748191353,10,3.8,100000.0,100000.0,-0.3403786256830248,-0.1078518943861101,0.0632534179552126,Unknown,0.055850361586081865,0.09244384327832993,p1
76,14164,ghost_additional,0.1478339409272605,0.2540897418830517,0.14925739699683932,0.2565363085039004,0.5818178248034235,10,3.0,46000.0,10000.0,3.255853588296444,0.0493375184869939,0.0347871261271275,9p,0.049055380007738875,0.08431398612497482,p1
77,14286,ghost_additional,0.18516611037141312,0.31482282606346673,0.18837212910564963,0.32027375807419056,0.5881597363403521,10,3.8,10000.0,10000.0,3.935250546955325,0.0962989388463039,-0.0027806041864386,PSL,0.07448070088423889,0.12663345734557205,p1
78,14441,ghost_additional,0.06458944011236276,0.10977151171873221,0.06934079765254926,0.11784657319929519,0.5883989306611758,10,5.0,46000.0,10000.0,4.871206234953265,0.0628552335458643,0.0317046415970367,TE1a,0.11536965853397303,0.19607387526067346,p1
79,15273,ghost_additional,0.17538417207659265,0.2946568094086801,0.17934665036951578,0.30131403050976097,0.5952150653791275,10,3.2,28000.0,10000.0,-0.7309535300928391,-0.1205032326157873,-0.0634082393794261,PGp,0.08263335707375472,0.13882941121646622,p1
80,15287,ghost_additional,0.3112957511201946,0.5323536885435031,0.3186184015384901,0.5448763135586742,0.5847536286860084,10,4.0,4600.0,1000.0,1.6288299923080505,-0.1140323876187627,-0.1236138090783478,PGp,0.07370500723950679,0.12604454871896778,p1
81,15589,ghost_additional,0.15817808897907784,0.2602578498841187,0.15899735242493682,0.26160582256658116,0.6077745168858789,10,6.0,28000.0,10000.0,3.655442571285597,-0.0554890124242264,-0.0798694965446326,TE1a,0.03935586100096189,0.06475404925269627,p1
82,15962,ghost_additional,0.02436514112524353,0.040304414307654045,0.024692797192874684,0.0408464175668324,0.6045278549207561,10,7.6,44200.0,10000.0,1.1607894363039666,0.0755406388182831,-0.0550812466097174,9a,0.05911807794988088,0.09779214881277937,p1
83,16198,ghost_additional,0.20631826141947746,0.32511029538475267,0.20832370812390355,0.3282704197768866,0.6346100518758089,10,5.6,10000.0,10000.0,0.2406541776286092,0.0207406990160984,-0.0320164012609618,Unknown,0.0513504340960676,0.08091651549527727,p1
84,16423,ghost_additional,-0.03190674916308699,-0.05523367341504617,-0.0323829592317754,-0.05605803917153389,0.5776684256237663,10,6.8,100000.0,100000.0,-0.3103639110545546,-0.1302366178307596,-0.0576936113344197,4,0.05534691652392699,0.09581087362384987,p1
85,16964,ghost_additional,0.31280809303793966,0.5105923099842892,0.3249887918214212,0.5304746955986739,0.6126376894465267,10,8.0,1000.0,1000.0,1.900617923973316,-0.0093946517018985,-0.1397313478592022,TPOJ3,0.08919443708128993,0.14559084205522937,p1
86,17706,ghost_additional,0.08027181473624675,0.137220872614508,0.08068809397946695,0.13793248230208852,0.5849825409706645,10,5.0,10000.0,10000.0,-3.072319134197252,0.0502778781632935,-0.0575832614534413,i6-8,0.03552906453210605,0.060735256257652574,p1
87,17757,ghost_additional,-0.060686261688985985,-0.10490210358878543,-0.06111311431656578,-0.10563995985656816,0.5785037631549808,10,5.4,100000.0,100000.0,-0.4737260075624568,-0.0957670764397552,-0.0056403651247246,3a,0.04481344053582656,0.07746438898068338,p1
88,17988,ghost_additional,0.15452433193841497,0.268217617019237,0.15546524631761627,0.26985082137898203,0.5761155201350261,10,6.4,4420.0,1000.0,3.4163564289392574,0.027010990370506,-0.0358747785226243,9m,0.03964390888985142,0.06881242998029274,p1
89,17990,ghost_additional,0.21829401028715836,0.37182727272336297,0.22443290348092176,0.38228384874564764,0.5870844510364027,10,5.8,1000.0,1000.0,4.643802347383481,0.0996933852931351,0.0015416971491992,9m,0.07745561266644013,0.13193265897215428,p1
90,17993,ghost_additional,0.1943650746834545,0.32910070054869806,0.1976560173364457,0.33467295438251504,0.5905945334038986,10,5.6,8200.0,10000.0,1.9912618296500213,-0.0030946502646175,0.0514657387971359,9m,0.06072887361700893,0.10282667749563708,p1
91,18534,ghost_additional,0.3041915403872423,0.4479195733144115,0.30757077097232716,0.45289546291303534,0.679120892477094,10,8.0,820.0,1000.0,5.012079887123438,0.0204299088835011,0.072702861243715,PCV,0.0486004485034538,0.07156376580638482,p1
92,18755,ghost_additional,-0.0019251823115402022,-0.0031403621238142595,-0.0020460168866333287,-0.0033374677800396494,0.6130446858153704,10,4.2,64000.0,100000.0,0.0589623376107995,0.1251355375073045,0.0602616063334035,PoI1,0.05389880991836267,0.08791987136578047,p1
93,19855,ghost_additional,0.11673255452296427,0.1906852644690311,0.11848298006051237,0.1935446241217409,0.6121739655552808,10,5.2,46000.0,10000.0,3.162192969008198,0.0193167690395861,0.0433744330711251,8BL,0.06104923820522502,0.099725309536562,p1
94,19858,ghost_additional,0.19421251757352448,0.3374455136691566,0.19738558191782055,0.34295873362502743,0.5755374118380997,10,6.0,6400.0,10000.0,2.268298057894752,0.0701563145040081,0.0583359709728495,8BL,0.06526479594597265,0.11339800785067265,p1
95,20138,ghost_additional,-0.10379827297973385,-0.181034318537929,-0.10790836806751561,-0.188202725506395,0.5733624089511337,10,5.4,100000.0,100000.0,-1.0375003459875567,-0.0434430082576676,-0.0307074738691726,33pr,0.08338600279726588,0.14543332715133173,p1
96,20223,ghost_additional,0.1950491431848404,0.29619340401987154,0.19686773838932922,0.29895504601099426,0.6585195366867609,10,6.2,4600.0,1000.0,3.146252519335091,0.0477536350362112,0.1243572831951311,47s,0.04573983806320503,0.06945858932802199,p1
97,21072,ghost_additional,0.30492963920451704,0.5334153685808568,0.3098979422387981,0.5421064528623522,0.5716551437499402,10,4.6,460.0,100.0,-2.074355735910381,-0.0094404056012343,-0.0452402833785169,FST,0.05862304640783128,0.10254967010928329,p1
98,21093,ghost_additional,0.0009850363239039261,0.0014696329309133603,0.001634906827293891,0.0024392124981175095,0.6702601058971489,10,6.6,80020.0,100000.0,4.636062250774249,-0.0330114089619748,0.0276774870827846,PGi,0.05800784563114892,0.08654527566354993,p1
99,21095,ghost_additional,0.13776469550898518,0.22209935294589528,0.1404641197918643,0.22645126897444545,0.620284092149271,10,6.8,2440.0,1000.0,4.125856352067203,-0.0354762534145251,-0.0072564090033619,PGi,0.0719836336156689,0.11604945947629763,p1
100,21097,ghost_additional,0.25331184965036924,0.4101586377601536,0.2577450501491478,0.4173368075931336,0.6175948190039025,10,6.8,820.0,1000.0,5.554069561636903,-0.005271904447298,0.1064266943531264,PGi,0.06068415250706499,0.09825884324117289,p1
101,21098,ghost_additional,0.36707230126098855,0.5755807350101007,0.3742010711798036,0.586758866989806,0.6377425075815766,10,7.0,460.0,100.0,4.744280938964404,0.0883600994777155,-0.0028932230552732,PGi,0.06296285288804404,0.09872770301419836,p1
102,21099,ghost_additional,0.43407340315641385,0.6552643598186634,0.4365104070116695,0.658943188697553,0.6624401230619936,10,7.8,100.0,100.0,5.86600199559456,0.0779603857581666,0.0323730972511148,PGi,0.03292416654857855,0.04970134718952913,p1
103,21101,ghost_additional,0.3151129739425139,0.5002761649796841,0.3373046349997068,0.5355078437941743,0.6298780473687178,10,7.2,1000.0,1000.0,1.5336718823278988,0.0138354425794816,-0.0513555768615887,TPOJ2,0.11352226097854762,0.18022895297396196,p1
104,21102,ghost_additional,0.2292471760241841,0.35338344045099923,0.2458854191062085,0.3790312136770718,0.6487207655559964,10,6.2,6400.0,10000.0,-0.5332980507290561,-0.117307920407641,-0.068648614404994,TPOJ2,0.12468091049625277,0.1921950353930678,p1
105,21104,ghost_additional,0.18941170817222797,0.3267392607029462,0.19894589804552887,0.3431859428044099,0.5797029342746507,10,5.0,6400.0,10000.0,-0.9264981759053866,-0.1386401023984266,-0.1100436073513299,TPOJ2,0.1058972210532873,0.18267497849703052,p1
106,21484,ghost_additional,0.01379595720210695,0.02353996395699041,0.014041913097388828,0.023959637113780175,0.5860653494335581,10,4.4,82000.0,100000.0,-0.222155664157759,-0.0365181500835815,0.0291429499045084,V1,0.06841620953475883,0.11673819242322417,p1
107,21716,ghost_additional,0.18844104863831573,0.32358091894672847,0.1927769224813637,0.3310262502729376,0.5823614360565526,10,5.8,26200.0,10000.0,3.0516733757775985,-0.0864519927802382,0.0458399808593603,31pd,0.06727480414187303,0.11552070583076872,p1
108,21717,ghost_additional,0.14966897426674944,0.2566993999399418,0.15139359581441308,0.2596573230404217,0.5830515159044644,10,6.4,28000.0,10000.0,2.9148709704860907,-0.0541291620239681,0.0785438162494506,PCV,0.0476612376767164,0.08174447090285228,p1
109,21718,ghost_additional,0.14263656254232845,0.23040371384128783,0.14597726118926851,0.23580001168638726,0.6190723238106429,10,5.4,26200.0,10000.0,4.495066242334591,-0.033139567441078,0.0346064341618279,PCV,0.07451051235271028,0.12035833211549121,p1
110,21719,ghost_additional,0.09024353514313613,0.15006433965648996,0.09105727805262782,0.15141749799818544,0.601365623236748,10,6.6,22600.0,1000.0,3.278078940492549,-0.1310812149202282,0.0033270520203393,PCV,0.04804225573303468,0.07988859668175813,p1
111,21720,ghost_additional,0.17431953789732585,0.29470702527765885,0.17901865946829223,0.3026514252932972,0.5915011280545156,10,5.6,24400.0,10000.0,4.061991891540504,-0.0750908325396443,-0.0291698743759994,PCV,0.09695928714606725,0.16392071383696669,p1
112,21780,ghost_additional,0.23311237917595706,0.40207536715573394,0.24036110819726547,0.4145780724730481,0.5797728441435875,10,8.6,6400.0,10000.0,2.5678226138524773,-0.0793875157552798,-0.0008868872324027,7m,0.08069474282719308,0.13918337783893872,p1
113,21781,ghost_additional,0.10926794379880973,0.17406198107821663,0.11153349755155381,0.17767096977821373,0.6277530746344258,10,7.4,24400.0,10000.0,5.735513225380956,0.0931080257515645,-0.0670633402718721,31pd,0.06637536914576225,0.10573483719600447,p1
114,22065,ghost_additional,0.11379782602468098,0.18735328134867535,0.1154735362465383,0.19011211971687403,0.6073970266519998,10,4.6,82000.0,100000.0,0.9533160286249338,0.0999481193240693,-0.0200188973228713,AAIC,0.06708887391788446,0.1104530825375972,p1
115,22242,ghost_additional,0.09907017333245496,0.1542762682550786,0.10081608757662433,0.15699507983300887,0.6421608096499553,10,6.0,64000.0,100000.0,3.576906344837808,0.1281801877473426,-0.0940782237422797,STSda,0.07626128475952976,0.11875730130759635,p1
116,22471,ghost_additional,0.24541318634441142,0.42601920939249416,0.25000537572225195,0.43399091179882976,0.5760613158603154,10,4.8,1000.0,1000.0,-0.6274204093828941,0.0177060948646733,0.1262146399483149,PH,0.06322917067216827,0.10976118154668836,p1
117,23006,ghost_additional,0.07178183252319008,0.12292495401553155,0.07242889572388983,0.12403303681859267,0.5839484187573538,10,4.6,28000.0,10000.0,0.8444940575062876,-0.1183030285885272,0.0306118218699864,PHA1,0.05067427925367318,0.08677869076434591,p1
118,23264,ghost_additional,0.20892574651798218,0.3638577265124947,0.2101507033136818,0.3659910681527072,0.5741962621503044,10,5.2,6400.0,10000.0,2.630452760950527,-0.063114686799976,-0.0630315281252904,PGi,0.037272648212795495,0.06491273223063725,p1
119,23290,ghost_additional,0.21700036393101668,0.36746106640257337,0.22095160204136072,0.37415195918881344,0.5905397435854636,10,5.6,1000.0,1000.0,3.242907201968681,-0.0407401746300498,-0.042953111162456,PGi,0.06084592437389552,0.10303442746201862,p1
120,23361,ghost_additional,0.14051146118892816,0.22801749406914226,0.14306984252171098,0.2321691532678894,0.6162310561413351,10,4.6,10000.0,10000.0,4.119171772051185,0.0450938041975664,-0.0016843301116172,PHT,0.0704113213645465,0.11426123474763235,p1
121,23471,ghost_additional,0.1716909061857537,0.3014396289674282,0.17540210473161114,0.30795542143157534,0.5695697900567201,10,3.4,62200.0,100000.0,3.6489198625571966,-0.1087163137359919,0.0037146474222213,10d,0.07815831365017453,0.13722341847237227,p1
122,23473,ghost_additional,0.0736010522890929,0.12774213635498916,0.07376395386704189,0.12802486866567767,0.5761689477664533,10,3.8,100000.0,100000.0,3.181580333574832,-0.0424913718126155,-0.0369367764106638,9p,0.023443052101793496,0.04068780900579876,p1
123,23642,ghost_additional,0.08677596133517988,0.1502790420729766,0.09121000243516027,0.1579579365359656,0.5774322230044615,10,4.2,64000.0,100000.0,2.154712544436584,0.0842111387469862,0.0230146878284473,TE1a,0.08259611339326052,0.14304036058725864,p1
124,24141,ghost_additional,0.24014462603285686,0.3616142134883297,0.2535919703016178,0.38186347286833955,0.6640906719796482,10,3.6,2800.0,1000.0,-0.0607171451084235,-0.1262069818509162,-0.1396156233616564,PGp,0.10738312442510167,0.16169949218680268,p1
125,24549,ghost_additional,0.36133496356841144,0.6300132803187009,0.37666544863264523,0.6567430744377417,0.5735354711659811,10,6.2,1000.0,1000.0,4.056689480292313,0.0623130580024024,0.1109392178774867,9a,0.08857547796954623,0.1544376632703725,p1
126,25162,ghost_additional,0.45460030549457003,0.687992157655857,0.4603869681739677,0.6967496936590372,0.6607637898715225,10,8.0,460.0,100.0,9.710416563549508,0.0795471860943728,-0.1297549572265019,TPOJ3,0.048869603442500964,0.07395926379682982,p1
127,25163,ghost_additional,0.3551339150319597,0.5848398789806507,0.3609511019757528,0.5944197100365205,0.6072327277868635,10,7.2,280.0,100.0,8.293722430927998,0.0505682475951922,-0.1349971362331745,TPOJ3,0.058409336134697176,0.09618937429077215,p1
128,25164,ghost_additional,0.22234108087713894,0.3802668215178074,0.2238704106130701,0.3828824126422229,0.5846975552315626,10,6.8,640.0,1000.0,6.75636433669297,-0.0343857913083607,-0.1268766919279654,TPOJ3,0.03957556488106531,0.06768553165130282,p1
129,25723,ghost_additional,0.11832011588968136,0.20405637351757022,0.121390898394609,0.2093522839982612,0.5798403345607503,10,3.6,4600.0,1000.0,-1.6297770442396895,0.0203159362575094,-0.0909854615008524,6a,0.09082798499630317,0.15664309566375473,p1
130,25724,ghost_additional,0.04901936448954054,0.07996610060120567,0.05028832606551968,0.08203617862242245,0.6130018110299287,10,3.6,28000.0,10000.0,0.286710137461668,0.1052535231867192,-0.0148608082488662,6a,0.1001407051277765,0.163361189683153,p1
131,25970,ghost_additional,0.16870835680629198,0.28539137913030055,0.17104809994575973,0.2893493485754659,0.5911473476193027,10,5.8,10000.0,10000.0,2.6735248263727747,0.0942304525133691,-0.0059315418282298,PGi,0.05828661399879684,0.09859912969842717,p1
132,26002,ghost_additional,0.34920114396634283,0.4687806123573908,0.3562510610884302,0.4782446834884966,0.7449137928513935,10,6.0,640.0,1000.0,10.23997462202204,0.0783745271955107,-0.1155828496100371,PFm,0.06697675549443038,0.08991208934131242,p1
133,26095,ghost_additional,0.053743741095090544,0.0896511596246597,0.05428645902263052,0.0905564797709994,0.5994762512844022,10,6.8,80020.0,100000.0,2.569995439835627,-0.0672655054906258,0.103640629643307,PCV,0.048736889028195826,0.08129911555924871,p1
134,26096,ghost_additional,0.294603588031464,0.43249586732791484,0.29571902639004616,0.4341333982336629,0.6811708741903376,10,7.8,820.0,1000.0,6.201792428204949,0.0282817197559031,0.1151318556357546,PCV,0.030330985864403193,0.04452771986244364,p1
135,26227,ghost_additional,0.07795647662189491,0.12095213875443345,0.08038521388923849,0.1247204076614879,0.6445233414199337,10,4.8,44200.0,10000.0,2.705394265284012,0.1112173578190984,-0.0898748686695328,Pir,0.103139104115223,0.16002384628615582,p1
136,26228,ghost_additional,0.01535046659037539,0.02393844691137469,0.01630575733116649,0.025428185125436126,0.6412473894904769,10,4.6,62200.0,100000.0,2.6803249142638084,0.1023751887423687,-0.1160555370685459,PoI1,0.13451309732582492,0.20976786733230446,p1
137,26229,ghost_additional,0.025381748746060383,0.04202777665886739,0.025022719758201233,0.04143328688329014,0.603927943942405,10,5.4,62200.0,100000.0,3.1215410183239407,0.1014289607158969,-0.0709205870378356,PoI1,0.11026297108951207,0.1825763689120296,p1
138,26427,ghost_additional,-0.01868515267358911,-0.031028426798364865,-0.01885730821190447,-0.03131430701630397,0.6021946518594936,10,4.2,100000.0,100000.0,3.828506962946787,-0.0113041993458489,0.0505140442691334,8Av,0.04745456591016074,0.07880270235484095,p1
139,27126,ghost_additional,0.01863855943573875,0.0321952479615099,0.020264174126817865,0.03500324759525901,0.5789226862927579,10,5.8,22600.0,1000.0,1.078859574911132,0.0709352866086337,0.0725665785550053,13l,0.07500800943123678,0.12956481272407014,p1
140,27616,ghost_additional,0.17134269019246098,0.2964437773238744,0.17235754225610223,0.2981995953213204,0.5779938838293225,10,5.0,6400.0,10000.0,-2.863245737586181,0.0803409445543009,-0.0695502054880883,FST,0.03615155018635685,0.06254659642217278,p1
141,27633,ghost_additional,0.08659566853539327,0.1420256934703356,0.08799666701081466,0.14432347329452253,0.6097183292646988,10,5.6,820.0,1000.0,5.329824538235472,-0.0137653934924215,-0.0312299816939852,PGi,0.05491299033762928,0.09006288264919414,p1
142,27634,ghost_additional,0.1320161064942519,0.20967040027802786,0.13431385156930664,0.2133197211254395,0.6296363545793563,10,6.2,640.0,1000.0,5.26255961721695,0.0087925948003052,-0.0470359356306833,PGi,0.05919861846302421,0.09402033099339265,p1
143,27635,ghost_additional,0.27280255503252837,0.4300067918128329,0.27863812499395274,0.4392051467080509,0.6344145260646717,10,7.4,460.0,100.0,9.860245659805669,0.0966010047858293,-0.0166821785474305,PGi,0.06446631117573132,0.10161543994842209,p1
144,27636,ghost_additional,0.21201566699754615,0.33085650194133887,0.21389136924388968,0.3337835888528732,0.6408085250056131,10,6.4,1000.0,1000.0,8.909924920146475,0.1285626397554903,-0.0848802958356281,PGi,0.044717298650573334,0.06978262133791312,p1
145,27638,ghost_additional,0.17486036237184657,0.29635109283036104,0.18182015203711469,0.3081464548277564,0.5900446011580633,10,6.2,8200.0,10000.0,3.8951078992676575,0.1355667661910724,-0.051722095234617,TPOJ2,0.09070016075450535,0.15371746572460926,p1
146,28032,ghost_additional,0.04987610501777351,0.0871087427657686,0.05114133879288261,0.0893184767338735,0.5725728949146707,10,4.8,26200.0,10000.0,1.91014258059292,-0.0299878616184589,0.131672144401939,d23ab,0.05507709786436819,0.09619228984385685,p1
147,28821,ghost_additional,0.06577328067791051,0.11089243552294115,0.06656599975199756,0.11222894402464535,0.5931268473610493,10,6.0,82000.0,100000.0,-0.2170640160857994,-0.1100751811426655,-0.0923179317449978,4,0.057006900926256945,0.09611249462048985,p1
148,29329,ghost_additional,0.16809926054012012,0.2939193834853172,0.1729636929521824,0.30242478065937617,0.5719230169401792,10,5.0,26200.0,10000.0,3.162680901545136,-0.0270152395804492,-0.112754700680009,PGi,0.07502662601869772,0.13118308547904656,p1
149,29336,ghost_additional,0.40956936796765164,0.6640843477473926,0.43338403549459414,0.7026979482466851,0.6167429925986533,10,7.6,460.0,100.0,9.203616897865976,0.0363687709375519,-0.0363057668888741,PGi,0.10256347293640489,0.1662985622329531,p1
150,29813,ghost_additional,0.11103910315930014,0.1843961603249624,0.11328244845511176,0.18812155297548905,0.602176872683332,10,4.0,64000.0,100000.0,2.40502690958791,0.0210065202595492,-0.0179846726403258,9p,0.06927188958199865,0.11503578553809189,p1
151,29985,ghost_additional,0.12038522949774003,0.19908191806270292,0.12232947075387063,0.20229712378239117,0.6047019773027476,10,4.4,8200.0,10000.0,5.488153393390737,0.0668454525284105,0.017108831062753,PFm,0.06268729926642524,0.10366643672316038,p1
152,30164,ghost_additional,-0.13691233940618114,-0.2340806092584528,-0.1406715540163607,-0.24050778193040248,0.5848939809235273,10,5.6,100000.0,100000.0,2.0434050151100105,0.0898596247522645,-0.0711583095751,Pir,0.07715389634645514,0.13191090840878858,p1
153,30322,ghost_additional,0.16250794322692821,0.2795183475299666,0.16839946166438408,0.28965192909760973,0.5813856037107047,10,5.0,6400.0,10000.0,5.157454651966614,-0.0645933396277536,0.1091848202172219,8C,0.08194208165735056,0.1409427428790009,p1
154,30323,ghost_additional,0.2908073125567963,0.4792051487885302,0.2942338321609532,0.4848515193089281,0.6068534807941462,10,5.4,1000.0,1000.0,4.918791953086124,0.0520937005789607,0.0154011695078299,8C,0.051363846864611096,0.08463961811242289,p1
155,31257,ghost_additional,0.305000463190061,0.5089544115150674,0.30765830845613956,0.5133895591182767,0.5992687287691023,10,7.4,820.0,1000.0,6.67890632933698,0.1238965191574936,0.088047722112072,TPOJ1,0.04491751180027648,0.07495387235128559,p1
156,31260,ghost_additional,0.3891750046347402,0.6384297648844081,0.3899579677436185,0.6397141920638552,0.6095815484185687,10,7.8,100.0,100.0,3.976766668324587,0.1378508826268018,0.1012727292392587,TPOJ1,0.020257270954983808,0.03323143721711565,p1
157,31539,ghost_additional,0.2588187811407094,0.42560976839714093,0.26777426667292425,0.4403364513157879,0.6081128779431653,10,8.6,820.0,1000.0,6.98270382046313,-0.0151977118833425,-0.061690008289053,PCV,0.09391300420545368,0.15443350669220798,p1
158,31801,ghost_additional,0.2768427496142908,0.47264897230703196,0.28205347258513724,0.4815451520356994,0.5857259104214326,10,6.8,1000.0,1000.0,5.885984191445729,0.0130212129274223,-0.1103625703300101,STSva,0.06171690702974325,0.10536823782532967,p1
159,32067,ghost_additional,-0.003566790556428545,-0.006148185933231993,-0.004026318929647819,-0.006940289039778479,0.5801370672850725,10,2.6,46000.0,10000.0,-0.5565474231711097,-0.1130879604852963,0.0118777977659314,Unknown,0.05782195353895546,0.09966946916450424,p1
160,32767,ghost_additional,0.14645587001891586,0.23781878274552207,0.1483334193622699,0.2408675953286124,0.6158297016246649,10,5.2,8200.0,10000.0,5.622510000050505,0.1139477764478149,-0.0410732792089312,8Av,0.07212891891316792,0.11712478096278792,p1
161,32768,ghost_additional,0.1312470296044898,0.2129250327304322,0.133617315586441,0.21677040143560078,0.6164001851799711,10,5.2,8200.0,10000.0,3.263303473336523,0.0714209877010184,-0.0289968207513562,8Av,0.08774609326397162,0.14235247713034396,p1
162,33313,ghost_additional,-0.028365974245864168,-0.043351427623418995,-0.028462607276033832,-0.04349911089271628,0.6543261848784077,10,5.0,100000.0,100000.0,3.1879148374336386,0.0199978401479798,-0.0382872062478376,10r,0.02593205275384152,0.03963169036045903,p1
163,33316,ghost_additional,0.11481463937176288,0.2007133138218202,0.11531265263635919,0.20158391615277116,0.5720330016258294,10,6.2,6400.0,10000.0,3.1817321663012343,-0.0054933884481581,0.0538662476207613,10r,0.033314438810748206,0.05823866580435407,p1
164,33632,ghost_additional,0.2552889241648355,0.40692024279254074,0.25657166708609813,0.40896488324323094,0.6273684553338599,10,7.0,1000.0,1000.0,3.7208617255093817,0.0202981574634628,0.0365408394720646,TPOJ1,0.034600867715327055,0.05515238680101295,p1
165,33882,ghost_additional,0.16442542562332713,0.2866117594557978,0.16601077161642067,0.28937519341197715,0.573686948279892,10,8.2,10000.0,10000.0,0.4161497978869849,0.0088743481341501,-0.0977275485706462,7m,0.04840507748775552,0.08437542048479639,p1
166,34584,ghost_additional,-0.22422258995948305,-0.385645336096764,-0.2249083375941767,-0.38682476845059943,0.5814217597674314,10,5.6,100000.0,100000.0,-0.254414071088093,-0.089797201553213,-0.001076790054288,3a,0.028204028509434875,0.04850872544006004,p1
167,34862,ghost_additional,0.1900944696615084,0.3188708693212794,0.19268888007678736,0.3232228207797794,0.5961487484451836,10,5.8,4600.0,1000.0,2.40575776214082,0.0054586888470404,0.039417802098292,9m,0.05464352949487222,0.09166089778329332,p1
168,34870,ghost_additional,0.20001151856596106,0.3468976182830527,0.20782531160040474,0.36044976874338386,0.5765721873672847,10,5.6,2260.0,100.0,1.9502510018324644,0.1185899702439144,0.0607213187256078,9m,0.08736340424794409,0.15152205770947524,p1
169,34871,ghost_additional,0.22899137119640134,0.38020922317577566,0.23673342092156452,0.3930638503890773,0.6022772653532806,10,6.2,4420.0,1000.0,1.54342448199205,0.0821301623857566,0.044891635342895,9m,0.0838309701673638,0.1391899960198409,p1
170,34872,ghost_additional,0.11427059299662394,0.19450245875225877,0.11775939409407254,0.2004408228908905,0.5875020487127744,10,6.6,6400.0,10000.0,2.7077336637173977,0.046324170210792,0.0557138789484185,9m,0.07134375940139787,0.12143576274791396,p1
171,34873,ghost_additional,0.09456110251947554,0.14985808542522683,0.09642696403097738,0.1528150563819127,0.6310043415485762,10,4.2,82000.0,100000.0,2.576524388632073,0.031063420618451,0.0385235898047077,9m,0.06720709490967476,0.1065081339135303,p1
172,34874,ghost_additional,0.13246350185389066,0.23233923635036746,0.13382459453509538,0.23472657497366606,0.5701297117725556,10,5.4,6400.0,10000.0,1.3568938125125625,-0.0094566887475252,0.0200069800491534,9m,0.050831544453506516,0.08915785899926046,p1
173,34895,ghost_additional,0.19326333601469076,0.3384771392910595,0.19405072824922456,0.33985616066438784,0.5709789926122659,10,4.8,6400.0,10000.0,4.857841840819459,0.0781741146595354,0.0808640498378287,9a,0.030954885014255112,0.05421370210598205,p1
174,35330,ghost_additional,0.114230813911615,0.19560974766868364,0.11472806301191185,0.19646124095413642,0.5839730139885198,10,6.6,64000.0,100000.0,1.5973355345139146,-0.0466645596259633,0.0693269180857857,PGi,0.03303397132141858,0.05656763331544631,p1
175,35564,ghost_additional,0.18229054834391042,0.29567603978970936,0.18593606071734853,0.3015890762656818,0.6165212050105888,10,7.2,4600.0,1000.0,1.270230563662739,-0.1366432184894338,-0.0901086825930871,PCV,0.06791182409136604,0.11015326567753601,p1
176,35801,ghost_additional,-0.1008885996876113,-0.1654202642878773,-0.10494926015519537,-0.17207825666571755,0.6098926278586828,10,4.6,82000.0,100000.0,1.0683969914575082,0.1174412651930743,-0.0236107853934949,PoI1,0.09435048213196376,0.15470015183365285,p1
177,35802,ghost_additional,-0.11615646244056785,-0.18969393981394533,-0.11798337949140901,-0.19267745950631415,0.6123361798194283,10,5.4,100000.0,100000.0,-1.258792461235413,0.1386041081199658,0.1284422285844588,PoI1,0.05905430120964512,0.09644097989940693,p1
178,36216,ghost_additional,0.09186169370574579,0.14532998897508356,0.09278026660971297,0.14678321920218976,0.632090419558865,10,6.4,46000.0,10000.0,4.965523491541011,0.1349738935228873,0.0111971849363919,8C,0.047573935272373385,0.0752644460353871,p1
179,37134,ghost_additional,0.1268957050690211,0.2201631850424843,0.12854929511607807,0.22303215252500544,0.5763711360032077,10,4.6,46000.0,10000.0,1.5758343881906096,-0.0667220366242366,0.0542537187977631,8BL,0.055640477440747765,0.09653584984595431,p1
180,37135,ghost_additional,0.1562838158613852,0.2608700748705991,0.15829434001709913,0.26422605632101,0.5990867903837095,10,4.6,28000.0,10000.0,2.979750795536614,-0.0187612432466615,0.0438714237914511,8BL,0.05430966394758999,0.09065408354740247,p1
181,37136,ghost_additional,0.14402419752330062,0.24874516236518454,0.14709559030897115,0.25404978554862756,0.5790030091594612,10,4.0,28000.0,10000.0,2.505104397877122,-0.0590252191217519,0.0480250679468399,8BL,0.06700105898627123,0.11571798060866158,p1
182,37139,ghost_additional,0.25030243129550167,0.4172418432434777,0.2566696154127192,0.4278556260325152,0.5998977220255447,10,6.0,1000.0,1000.0,2.830480451461997,0.0616265701244056,0.1280920905378256,8BL,0.07636380233740053,0.12729470296963194,p1
183,38348,ghost_additional,0.2898796324092845,0.4670135367160389,0.2941297564346928,0.47386074235132575,0.6207092720430967,10,4.4,1000.0,1000.0,4.79968713658282,0.0481343235164814,0.0107944188639694,PSL,0.05658767284967342,0.09116614717774743,p1
184,38349,ghost_additional,0.26384103522776126,0.43135171861285904,0.26874943591639394,0.43937642587969694,0.6116610270528684,10,4.2,1000.0,1000.0,5.020142700552509,0.0225613947977721,0.1084191655572433,PSL,0.06571129150342392,0.10743089488639959,p1
185,38368,ghost_additional,0.16819920084118792,0.2891468782556974,0.17122317349251162,0.29434531111202483,0.5817085138731692,10,6.4,8200.0,10000.0,-3.973240907339012,-0.1201940305622344,0.0134762919280438,PFop,0.06223195349753391,0.10698133517623301,p1
186,38621,ghost_additional,0.3676190897468589,0.6273704682807256,0.3800035236448847,0.6485054645600163,0.5859681134725689,10,8.2,1000.0,1000.0,5.908442309769548,0.0666821697624156,-0.048759743298424,PGi,0.08577767863884639,0.1463862566352118,p1
187,38629,ghost_additional,0.27032489074095417,0.45748740097148405,0.28090587260753935,0.47539424588170415,0.590890350569029,10,8.0,1000.0,1000.0,6.010215418524788,0.1005409178072891,0.041104939789395,PGi,0.09525734381861084,0.16120984837013796,p1
188,38630,ghost_additional,0.41853957888322685,0.7259530194764068,0.4318522899200351,0.7490437933534556,0.5765381059852858,10,7.8,640.0,1000.0,6.454136511180955,0.0707027197158775,0.0139952568298641,PGi,0.0783774774066498,0.13594500795867623,p1
189,38631,ghost_additional,0.42310831066739835,0.6362353860493744,0.43345577392360723,0.651795047992817,0.6650185135011706,10,8.6,280.0,100.0,4.497577064790603,0.0580477867495365,0.0730598154649694,PGi,0.06704814674353687,0.10082147396249722,p1
190,38635,ghost_additional,0.259551780633442,0.37692648802190026,0.2640525039120688,0.38346253186960966,0.688600533211562,10,6.6,2800.0,1000.0,-0.3803687837878599,-0.1281976308740337,0.0177857264427411,TPOJ2,0.0640590781869968,0.09302792416995649,p1
191,38642,ghost_additional,0.12186461155094022,0.2119042452079884,0.12298767446466548,0.21385708283677415,0.575092827570904,10,5.4,10000.0,10000.0,6.963287026987912,-0.0372619156242716,-0.0352272057521749,PGi,0.0477436664747367,0.08301906089908645,p1
192,38645,ghost_additional,0.02297546936541649,0.03886940268468506,0.02338302594119194,0.039558898094274056,0.5910939653947669,10,5.8,82000.0,100000.0,4.732665292084699,-0.1325780997627885,0.0112666703911607,PGi,0.07804056346040161,0.13202733918672574,p1
193,38774,ghost_additional,0.07078022733246428,0.1193498782839403,0.07628991128473571,0.12864032752194332,0.5930481735731142,10,4.0,24400.0,10000.0,-2.581979525336084,-0.0601383604778911,-0.04691017830022,VIP,0.12831070004885475,0.21635797185881714,p1
194,38779,ghost_additional,0.16744590574814533,0.2828111804571793,0.1701314518091793,0.2873469882949386,0.5920766833809757,10,5.0,10000.0,10000.0,-0.4154508063113994,0.0475084026441571,-0.04908990760184,7PL,0.07852391934294564,0.13262457642233969,p1
195,38850,ghost_additional,-0.03525121071151203,-0.059526529290998755,-0.035308384559109285,-0.05962307521509565,0.5921932814054137,10,5.4,100000.0,100000.0,1.0691414125617784,-0.0115749581044874,-0.0804677769567174,IPS1,0.02469246260050196,0.0416966273948616,p1
196,39522,ghost_additional,-0.030789549016834006,-0.05257531347436941,-0.03140246290858669,-0.053621906913398826,0.5856274928697094,10,2.4,62200.0,100000.0,0.081652933169108,-0.0816455833634273,0.0127870088986178,Unknown,0.06934308694189115,0.11840818231072806,p1
197,39742,ghost_additional,0.12164470957962903,0.20361679735089777,0.12175044959330225,0.20379379183763202,0.5974198158612413,10,4.4,22600.0,1000.0,-0.2502268681260414,-0.0021894717720452,-0.1009070925268992,POS1,0.014542252089207286,0.02434176387042528,p1
198,39819,ghost_additional,0.03150024391614515,0.05344123622746687,0.03191692359422482,0.054148147487161194,0.589437036637172,10,6.2,26200.0,10000.0,3.254150783495922,-0.0071710788713094,-0.0918073792174696,TGd,0.04798167981091968,0.08140255333234991,p1
199,41168,ghost_additional,0.06589442173047336,0.1141031366535205,0.066630003953559,0.11537687480489162,0.5774987757835689,10,4.4,46000.0,10000.0,0.3026455020621507,0.0446833194988464,-0.079990693120255,6a,0.09177551520588759,0.15891897793439236,p1
200,41169,ghost_additional,-0.01891859288718776,-0.03271780514728179,-0.019789309325825292,-0.03422362172400884,0.5782353920754836,10,4.0,64000.0,100000.0,-0.1037583889628327,-0.0413542162633471,-0.0655981636500073,6a,0.07295265196963584,0.12616428010015773,p1
201,42139,ghost_additional,0.3550340620582808,0.6129273613344223,0.3643995526617877,0.6290958534783324,0.5792432912202282,10,8.6,1000.0,1000.0,4.852264985217558,-0.0606688488301933,0.045172238750251,PGi,0.0749698108661182,0.12942715436235358,p1
202,42140,ghost_additional,0.32356776224104733,0.526627805058535,0.3344789646543328,0.5443865043110806,0.6144145051457786,10,9.0,1000.0,1000.0,4.4095694263499805,-0.0339415526585329,0.0267439809053336,PGi,0.08859531729698356,0.14419470333950377,p1
203,42141,ghost_additional,0.32972349176443805,0.5515182784589272,0.3353351078234926,0.5609046549397189,0.5978468976327741,10,8.8,820.0,1000.0,4.7308342907955785,-0.0811966079491115,0.0746575886435504,PGi,0.06342120608197521,0.10608268828206167,p1
204,42295,ghost_additional,0.16196422340946565,0.2840162221224774,0.16819310177915228,0.2949390201662547,0.5702639877366624,10,4.6,8200.0,10000.0,-1.15718985092211,0.0419614174539297,-0.0657257144869637,FST,0.08447054575403937,0.1481253376866686,p1
205,42299,ghost_additional,0.034476867132651544,0.05899970367253366,0.03472515367882796,0.05942459241297297,0.5843566151451991,10,2.6,44200.0,10000.0,-0.1795351152037008,-0.1317244313631877,-0.0303541223877886,PHT,0.08437012358218313,0.14438122440218992,p1
206,42353,ghost_additional,-0.0026511907888444514,-0.0043726097413283455,-0.0026217995488463713,-0.00432413476062681,0.6063177245813508,10,5.0,80200.0,100000.0,1.0455269014876174,-0.1334062055939463,-0.1193113322817823,PHA1,0.03303765633985292,0.054489016237591774,p1
207,42493,ghost_additional,0.19757359985858375,0.3037717609340581,0.1982035335633976,0.3047402915015022,0.6504014700085057,10,6.8,2800.0,1000.0,1.2413162184307605,0.0219040601484905,0.1365689070451197,8BL,0.027049465481985474,0.041588875070703225,p1
208,42602,ghost_additional,0.1879105646628413,0.28784964727357654,0.1894246171191309,0.29016893925313403,0.652808042124326,10,4.6,4600.0,1000.0,7.856581580768659,0.1213888361172715,-0.0015890516687124,PFm,0.0444622956352797,0.06810929517748182,p1
209,43171,ghost_additional,0.19898117663899034,0.33373673431791384,0.20842270861346998,0.3495723329476164,0.5962219803153078,10,7.2,820.0,1000.0,1.1398615040832216,-0.0466056632598602,0.0598563498611876,9m,0.09812838529883236,0.16458364256704835,p1
210,43523,ghost_additional,-0.0078144005844027,-0.013422848294455251,-0.007859439241873304,-0.013500211498463567,0.5821715639616292,10,5.2,100000.0,100000.0,-4.10265376443382,0.1167483020093596,-0.1358079468548582,TPOJ2,0.03069314204867931,0.05272181595372853,p1
211,43787,ghost_additional,0.05411609133080482,0.09110146800565477,0.055615634618157245,0.09362586678347389,0.594019970429519,10,6.4,64000.0,100000.0,-0.7543824929491322,0.064055987199827,-0.1070857595449171,Unknown,0.07358811432609047,0.12388154942481308,p1
212,44253,ghost_additional,0.1196206734966719,0.19700046776743624,0.1202358037100898,0.19801351121752667,0.6072100987998006,10,5.2,10000.0,10000.0,-1.6306766825470116,-0.0423177499905484,-0.0620740499769769,7PL,0.03406400237885071,0.05609920264201953,p1
213,45006,ghost_additional,0.1439258045908511,0.25193474355901285,0.14635501144013158,0.25618694563191463,0.5712820810565896,10,4.0,28000.0,10000.0,4.909105327239892,0.0924380286680087,0.0533029576342104,PFm,0.0728463686456034,0.12751383434060037,p1
214,45156,ghost_additional,0.2569904801200604,0.4337683595327457,0.2652713383404954,0.4477454309173481,0.5924601794305375,10,5.6,6400.0,10000.0,7.414309570812946,0.1076806853141525,-0.0346750119209521,STSvp,0.08220860197145963,0.13875802091961204,p1
215,45158,ghost_additional,0.26235185316022624,0.4340282322379326,0.27360234803791716,0.45264076477675896,0.6044580367675391,10,6.2,6400.0,10000.0,6.2689857041259565,0.1190699185895247,-0.0017425497972659,TE1m,0.10038579646189016,0.16607570808177752,p1
216,45160,ghost_additional,0.15791955033379823,0.27617771328602914,0.16207777502290685,0.283449827369055,0.5718041056058916,10,6.2,22600.0,1000.0,5.208164591569344,0.0284702624134183,-0.0704766253265625,TE1m,0.07569944205602105,0.13238702085884618,p1
217,45396,ghost_additional,0.051558151764671975,0.088404955697629,0.05123787330170821,0.08785578544306963,0.5832043165206263,10,5.4,42400.0,10000.0,-0.5245194866857426,0.122375014219606,-0.0140608950020343,AIP,0.10608949600124579,0.18190794031527663,p1
218,45913,ghost_additional,-0.12258073457859268,-0.21247143729101417,-0.12318511716853628,-0.2135190247279833,0.5769280621502948,10,5.4,100000.0,100000.0,5.561268024752141,-0.1174527389349794,0.0417641352864615,PGi,0.04074247527033455,0.07061968023964967,p1
219,45914,ghost_additional,-0.028663204001332866,-0.04599361268687276,-0.028682676153724763,-0.04602485813435487,0.6231996646246003,10,5.4,82000.0,100000.0,6.466779316396142,-0.0842862245705791,0.007818185525016,PGi,0.06002332426087473,0.09631475700012011,p1
220,45965,ghost_additional,0.31641791679191833,0.517799219254851,0.3224011451099122,0.5275904187643216,0.611082259349996,10,5.0,1000.0,1000.0,-3.805068820284983,-0.1219389078032816,-0.1393791074518723,MIP,0.06354547199959104,0.10398840913363107,p1
221,46682,ghost_additional,-0.026521425857457082,-0.044570372471238844,-0.026723059637951407,-0.04490922652636082,0.5950460897442869,10,6.8,62200.0,100000.0,1.975911504711728,0.0296108628324618,-0.0574780558048906,9a,0.039491398967437454,0.06636695820387352,p1
222,47144,ghost_additional,0.024616538328890873,0.043051642856282706,0.025179446278079533,0.04403610751437765,0.5717909165758696,10,6.0,82000.0,100000.0,0.0007789326260596,-0.1277754161974437,-0.0231248659754248,4,0.06046444010175437,0.10574571639549907,p1
223,48338,ghost_additional,0.058420583784144074,0.09412026024600396,0.05885647154114929,0.09482251048846924,0.620701468859617,10,5.4,100000.0,100000.0,2.4687552770897767,0.1238087361076488,-0.1147229390322607,PreS,0.054998308533976394,0.08860669950567697,p1
224,48476,ghost_additional,-0.045950786494005344,-0.08064341055037078,-0.04604152991590889,-0.08080266482185681,0.5698021224598874,10,4.8,100000.0,100000.0,-0.4733897742779117,-0.0871359481912409,-0.0001596635305842,3a,0.03559725691552619,0.06247301565295968,p1
225,48714,ghost_additional,0.297411100274264,0.4819119637914865,0.2989055621526255,0.48433352458040313,0.617148198468357,10,6.8,1000.0,1000.0,2.957128434765104,-0.0373129579413375,0.0671487322490304,9m,0.032151903523442715,0.0520975409200538,p1
226,49044,ghost_additional,0.08722539597598969,0.15044257837641076,0.0902632674949883,0.15568216736285936,0.5797919506387996,10,5.0,44200.0,10000.0,2.543112178891965,0.1374853340556163,-0.0895411095066399,PGi,0.078007184991975,0.1345434080380535,p1
227,49253,ghost_additional,0.23359503680322807,0.37859470308211446,0.23535744834663647,0.3814510979957926,0.617005560039658,10,7.6,820.0,1000.0,2.3924335353076325,-0.0567932394961775,0.1024525636984414,PCV,0.04196253154603069,0.06800997310840043,p1
228,49491,ghost_additional,-0.13331263127188048,-0.23254360845897684,-0.13547806441474342,-0.23632087721523629,0.5732801350908694,10,5.4,100000.0,100000.0,2.786407591516381,0.0161694620576383,-0.0552765760715329,TGd,0.06582137009554169,0.11481536872912662,p1
229,49556,ghost_additional,0.006613663133954816,0.011473154965194228,0.007183769373526647,0.012462155629538686,0.5764467710946545,10,4.4,62200.0,100000.0,0.6339716137579307,-0.0920646394693484,0.0489705050365647,TE1m,0.07669204048351533,0.1330427098028141,p1
230,50579,ghost_additional,0.25361630111993294,0.40607247414614944,0.2587559953132884,0.4143017887770867,0.624559203755963,10,6.4,1000.0,1000.0,2.5155513727256933,0.0577099732916485,0.1067285857878496,8BL,0.06702823233155986,0.10732086234334018,p1
231,50581,ghost_additional,0.282728008959555,0.45357927868070247,0.2877409997861881,0.46162159741503944,0.623326554471157,10,5.8,1000.0,1000.0,2.743387414853708,0.0733813856234808,0.1190555529359943,8BL,0.061564496695894755,0.09876764635533189,p1
232,50943,ghost_additional,0.20734526032342854,0.34713445858428343,0.2076545357492852,0.34765224306289033,0.5973053241935231,10,5.0,1000.0,1000.0,3.7454751090307368,0.0604726598269152,0.1081722303676814,47s,0.01869918415640781,0.0313059057051857,p1
233,51792,ghost_additional,0.3027862536727086,0.4970182035861782,0.30429696153433333,0.49949800343977346,0.6092055612611146,10,4.4,460.0,100.0,-2.091057971706745,0.1204617037475568,-0.0928647002726868,FST,0.03333197993605924,0.05471384710779529,p1
234,51793,ghost_additional,0.29930345258761165,0.5096283405260968,0.3019446421488625,0.5141255323943434,0.587297504449294,10,4.8,460.0,100.0,-1.2395193089622158,-0.0234508294748893,-0.0771276033818332,FST,0.04580554644566048,0.0779937699354131,p1
235,51813,ghost_additional,0.0963831437169166,0.14986099320350973,0.0971127569490279,0.15099542978030125,0.6431503065379345,10,7.0,20440.0,1000.0,4.103574550756981,-0.0204850047874142,0.0176293281938194,PGi,0.045809269432185606,0.0712263820237854,p1
236,51814,ghost_additional,-0.03180995223933008,-0.04900512449552056,-0.03180630794008849,-0.0489995102356597,0.6491148133342208,10,8.0,60220.0,100000.0,3.387298348933478,-0.0453916939755777,-0.0001338643094917,PGi,0.03705993620631169,0.05709303723319901,p1
237,51815,ghost_additional,0.07454501160166764,0.11839336550460607,0.0752565635807662,0.11952346169383327,0.6296384200579844,10,7.6,22420.0,1000.0,3.6508460094325184,-0.0387231572181963,0.0174918369350455,PGi,0.04859062118026164,0.0771722620989152,p1
238,51816,ghost_additional,0.1783791498238568,0.28466398257179465,0.18217310114813917,0.29071850909420616,0.6266305565329751,10,7.4,820.0,1000.0,4.470475207184119,-0.0268493966059079,0.0575506817141911,PGi,0.06566787945484265,0.10479520791033595,p1
239,51818,ghost_additional,0.377076846486777,0.6139041490857202,0.37898406887922453,0.6170092236901717,0.6142275582407332,10,7.2,460.0,100.0,7.751075649488056,0.0723808221985701,0.1024177287573979,PGi,0.03239115396745501,0.05273477806861932,p1
240,51819,ghost_additional,0.3264705633909929,0.527070465551458,0.33042976899272436,0.5334624058172005,0.6194059138741849,10,7.0,460.0,100.0,7.963157526706441,0.0391897138347246,0.1088073842045271,PGi,0.04957264048116594,0.08003255921646762,p1
241,51823,ghost_additional,0.19789740387717886,0.3307027286339334,0.2095103122547569,0.3501088472216457,0.5984147899070966,10,5.0,24400.0,10000.0,-0.4459454913832699,-0.0970093006626255,-0.0927136685015903,TPOJ2,0.1142241284510703,0.19087784990876228,p1
242,52438,ghost_additional,0.16049267923341382,0.2696361731450658,0.16414092813762132,0.275765423886656,0.5952193927150413,10,6.0,24400.0,10000.0,3.947943699143763,-0.1025265867133149,0.0292841361390012,31pd,0.07892236310013179,0.13259373613506495,p1
243,52439,ghost_additional,0.14643285002133108,0.2509617763873637,0.14932848035702564,0.25592440965374613,0.5834866652972265,10,5.2,26200.0,10000.0,5.102399296676819,-0.0420385501175887,0.0046816217786853,PCV,0.07933766136334239,0.13597167867225896,p1
244,52784,ghost_additional,0.06447635612520927,0.10752245867460762,0.06527988128792764,0.10886243826239038,0.5996547783596762,10,4.6,82000.0,100000.0,0.3100920012900214,0.080523490380435,-0.0650569168725211,AAIC,0.06282356823895976,0.10476622634578232,p1
245,53048,ghost_additional,0.18011292174228766,0.3055246000410621,0.18856678434946805,0.31986484263374254,0.5895201948323662,10,5.6,6400.0,10000.0,1.969390786674762,0.0001874977593376,0.0423211204028408,TGd,0.10682657415292995,0.18120935480981576,p1
246,53854,ghost_additional,0.186191823739184,0.3184154710890291,0.1908410931051813,0.32636640720246207,0.5847449029482763,10,4.8,8200.0,10000.0,-1.0205267762946586,-0.019262275725266,-0.1236543408156719,7PL,0.08095365475131347,0.13844268559357453,p1
247,54135,ghost_additional,0.15843379576165947,0.2729701761589732,0.15941627714859496,0.27466292180061735,0.5804069806856494,10,6.4,4600.0,1000.0,2.923594465014442,-0.1082531556012122,-0.1038534288489499,PGi,0.03859529612508225,0.06649695370563713,p1
248,54177,ghost_additional,0.20163086797325902,0.33253503013327257,0.20348952641829268,0.33560037944332316,0.606344744770047,10,5.0,24400.0,10000.0,3.181195967581615,-0.1302678415364796,-0.0115726032388884,PGi,0.045662435408044516,0.07530771199371367,p1
249,54746,ghost_additional,0.2538289189411948,0.4454692446452391,0.2613022379961129,0.45858490462706536,0.5698012197078566,10,2.4,8200.0,10000.0,1.2650981684675695,-0.0972101622258354,0.1010458580833009,STSvp,0.07855317403370327,0.13786066318702925,p1
250,54754,ghost_additional,-0.02472446424735734,-0.042862770627832864,-0.024932316776857498,-0.043223107466975184,0.5768284197499486,10,7.0,100000.0,100000.0,5.160802897184267,0.0308588650741772,-0.1112311990501855,TE1a,0.07245820320378127,0.1256148288171922,p1
251,55153,ghost_additional,0.08665959212264458,0.14794786402790772,0.08782779178673085,0.1499422496559301,0.5857441247431446,10,5.2,82000.0,100000.0,1.4837567577667132,-0.1342391977424391,0.0417252211617337,a24,0.05228921695804874,0.08926972503732435,p1
252,55510,ghost_additional,0.1728413015336746,0.28310106112988337,0.1762081669454276,0.288615733620145,0.6105286248092765,10,6.0,6400.0,10000.0,5.24805350665314,-0.0714290391449364,-0.134138312675186,PGi,0.07108313489682497,0.11642883234022104,p1
253,55512,ghost_additional,0.1530606148785536,0.26005278340697474,0.1555029522515723,0.2642023592621112,0.5885751841349006,10,5.8,10000.0,10000.0,4.888048261084515,-0.1156892016621456,-0.1086720118994624,PGi,0.07209362045137732,0.12248837938579069,p1
254,55514,ghost_additional,0.18177836447340406,0.2966801720869005,0.18742319627821205,0.3058930928660237,0.612708167164469,10,5.6,6400.0,10000.0,5.201352112890406,-0.0950936129741482,-0.1302954735308221,PGi,0.08890952571053093,0.1451090918568823,p1
255,55595,ghost_additional,0.21082852245263162,0.33470100859136503,0.22422628335489006,0.35597063584428745,0.6299010670446805,10,4.2,4600.0,1000.0,1.376499913736357,-0.1309145166563421,-0.1176058396992063,PGp,0.11512551888000058,0.1827676200329955,p1
256,55597,ghost_additional,0.21969618402486404,0.3824858486874299,0.2285533809071489,0.39790601850762564,0.5743903592218945,10,3.6,4600.0,1000.0,1.5894052986392049,-0.039017337069002,-0.1100513735217426,PGp,0.10445998426006267,0.18186235646707366,p1
257,56590,ghost_additional,-0.02926733682903655,-0.05035839115499004,-0.030339494608035335,-0.05220318288066286,0.5811809344535908,10,5.0,62200.0,100000.0,3.6036749402032977,0.1080804652547262,-0.0789614541195964,POS1,0.08988977377426828,0.15466745112480335,p1
258,57295,ghost_additional,0.43226536650390496,0.6835005736105095,0.43967583293115775,0.695218047288112,0.6324286813989273,10,7.8,100.0,100.0,8.2226882130405,0.043158416255117,-0.1093681530167376,TPOJ3,0.05598277729706935,0.08852030109266375,p1
259,57297,ghost_additional,0.42837353783002186,0.7205397679140978,0.43349602631913303,0.7291559786300625,0.5945175504609931,10,8.0,100.0,100.0,8.586716626336612,0.0492663507027713,-0.0801878403249702,TPOJ3,0.04727030632069912,0.07951036312392358,p1
260,57302,ghost_additional,0.28549607132712074,0.41893128485335346,0.291218268345595,0.4273279235110768,0.68148663432252,10,7.2,820.0,1000.0,3.1451820885509942,-0.0358008941720668,-0.0215128097009051,PGi,0.06760070623865733,0.09919593845866191,p1
261,57303,ghost_additional,0.28741041160024317,0.5001415740375799,0.29386028102944217,0.5113654118613232,0.5746581098628037,10,7.0,820.0,1000.0,2.5892447536769065,-0.0839855933561723,-0.027484492561692,TPOJ3,0.06974889978493293,0.12137460272088577,p1
262,57887,ghost_additional,0.05641279278973631,0.09597300567145489,0.057043126716599876,0.0970453695546483,0.587798541840553,10,6.8,100000.0,100000.0,-1.0783228463736787,-0.0066818517277977,-0.1135585335372848,VVC,0.059004469325051975,0.10038212946274644,p1
263,57888,ghost_additional,0.12793645958194372,0.21911038559997767,0.12928551833298865,0.22142085115533525,0.5838904405723284,10,4.6,82000.0,100000.0,-0.5754378114422026,0.0272353615519724,-0.1158042612033097,VVC,0.05605289084713613,0.09599898705687523,p1
264,58360,ghost_additional,0.2584884390303631,0.41081341582909137,0.2599343774576864,0.41311143312779713,0.6292112892873507,10,6.8,1000.0,1000.0,2.365631855009536,0.0801925328611461,0.1019156458835571,8BL,0.03538416054807386,0.056235736946408287,p1
265,58687,ghost_additional,0.1925681175240921,0.2757707159986924,0.19599273392800737,0.2806750009336606,0.6982906681252014,10,5.8,2620.0,1000.0,7.389756101480214,0.0712585338797383,0.1185619277136483,PFm,0.07505739708648479,0.10748732657132865,p1
266,58694,ghost_additional,0.33757815727307444,0.47364975816121757,0.34457996560694687,0.48347386778613965,0.7127168365578939,10,6.4,100.0,100.0,11.350497727634728,0.1363691444589773,0.083175070599289,PFm,0.06752359679170816,0.09474112765150489,p1
267,58696,ghost_additional,0.38117503380721446,0.5075766045324253,0.3894060031958162,0.5185370482229473,0.7509704553036861,10,6.6,100.0,100.0,10.56910949558781,0.0537186725237611,-0.043069973263343,PFm,0.06620223545485004,0.08815557920727843,p1
268,58853,ghost_additional,0.08996976014095501,0.15035791182069647,0.09009059851644312,0.15055985751642503,0.5983706414348516,10,7.0,24220.0,10000.0,3.57072682305523,-0.0095246471134118,0.0766703821644383,PCV,0.0168211293945411,0.028111555329996117,p1
269,59403,ghost_additional,0.05053657583307545,0.08774186525200585,0.050808485275534304,0.08821395583724408,0.5759687885358711,10,5.2,64000.0,100000.0,2.3321846311404206,-0.0511625616809179,-0.0370049894353698,8Av,0.040605884495908656,0.07050014741099073,p1
270,59405,ghost_additional,0.05368781355981685,0.08282284819094471,0.05549921732124224,0.08561725550235233,0.6482246714824607,10,3.8,100000.0,100000.0,3.403017742005833,-0.0707898925128222,0.0814459754226774,8Av,0.08139004150113804,0.1255583828906152,p1
271,61388,ghost_additional,0.23484603431371873,0.3940805453626154,0.23624015023911266,0.39641992471719306,0.5959340979332635,10,4.6,4600.0,1000.0,-2.683635077779714,0.1275752825103487,-0.1317746786590549,FST,0.03726630690270455,0.06253427523604778,p1
272,61413,ghost_additional,0.20179107686201406,0.29857414689663836,0.20610996017155803,0.30496445374144987,0.6758491281292045,10,6.0,4600.0,1000.0,4.953274248744583,-0.0816065697513602,-0.1123073195731849,PGi,0.07211420801668483,0.10670163652692988,p1
273,61414,ghost_additional,-0.01786920839846375,-0.03032195121813278,-0.018663969993337137,-0.031670568446855014,0.5893159140688088,10,5.8,62200.0,100000.0,4.398140601156852,-0.0688582416497209,-0.0439253986441041,PGi,0.058880034421885226,0.09991251384229607,p1
274,61415,ghost_additional,0.058642128729158104,0.09432975755919613,0.05919268120827029,0.09521535777535002,0.6216715726461775,10,5.8,40600.0,1000.0,6.317843122417526,0.0283516162985937,-0.074402087757853,PGi,0.04003721117303356,0.06440251241119661,p1
275,61416,ghost_additional,0.06212853743190973,0.09993661109397924,0.062485302477397225,0.10051048408498414,0.6216794501214852,10,6.2,20620.0,1000.0,5.9966120485307295,0.0179482405166775,-0.0654818855415848,PGi,0.03497913558526572,0.05626554903564898,p1
276,61417,ghost_additional,0.12746547608577036,0.20840904705689797,0.12936355513245792,0.21151245087655374,0.6116120095831102,10,5.6,820.0,1000.0,6.836416265431168,0.0456086718262832,-0.0720417902018816,PGi,0.05480300864117643,0.08960420623285587,p1
277,61418,ghost_additional,0.16349737026700817,0.2635860808029007,0.16478237484242522,0.2656577307584616,0.620280743842711,10,6.2,820.0,1000.0,7.845167102691431,0.0767506081648293,-0.0662384734423758,PGi,0.04249447593944877,0.06850845582629339,p1
278,61419,ghost_additional,0.1810633299593481,0.29495487722556624,0.18262669329683012,0.29750161952490145,0.613867896210037,10,5.8,1000.0,1000.0,8.53077630748855,0.1026273685135342,-0.1023043880491689,PGi,0.04453822929978307,0.07255344280871819,p1
279,61455,ghost_additional,0.36634278214056193,0.5991787154906568,0.37142889348990354,0.6074973990125057,0.6114082037119265,10,6.4,1000.0,1000.0,4.691159659469832,0.0906993034275252,0.1166764821391531,PHT,0.053443193426447266,0.0874100038272103,p1
280,62078,ghost_additional,0.08647928726709013,0.14837179509319698,0.08970163170326441,0.15390034468596978,0.5828553008526303,10,4.6,64000.0,100000.0,1.5181282417226427,-0.0392363109090143,0.0789893883334402,d23ab,0.08293156265945213,0.14228499344200118,p1
281,62342,ghost_additional,-0.2098407428086885,-0.3476915063618312,-0.2099941088553732,-0.34794562322723505,0.6035256512430134,10,5.0,100000.0,100000.0,1.0509751350531242,-0.1234085683915176,-0.0666285941017871,POS1,0.013235189110899659,0.021929787215573423,p1
282,62343,ghost_additional,-0.14580378071024946,-0.246924122016366,-0.1461178154840959,-0.2474559515782395,0.5904801018208569,10,6.0,100000.0,100000.0,1.0769184785049626,-0.1052103848460869,-0.0547318770474587,POS1,0.021998820559024107,0.03725582029129617,p1
283,64494,ghost_additional,0.22624226425557872,0.3697651836291334,0.23010159102827357,0.37607277906222303,0.611853885309264,10,5.2,6400.0,10000.0,5.176777941340792,-0.0229597421347868,-0.0822699552228713,PGi,0.05835968936397837,0.09538174189166132,p1
284,64967,ghost_additional,0.11021552701557129,0.18004932675456647,0.11289351641171659,0.18442412040558906,0.6121407338879481,10,4.8,8200.0,10000.0,4.9355092404797,0.1260835238838371,0.015565618913707,PHT,0.08611559994217789,0.14067941434843526,p1
285,65144,ghost_additional,0.126857695345095,0.21675696704514874,0.12797080878324885,0.21865890206119232,0.5852531389160449,10,2.2,28000.0,10000.0,1.91121450346692,0.0045778776175581,-0.1191570743888001,VMV1,0.05707146767969912,0.09751586772418161,p1
286,65145,ghost_additional,0.11745316226463828,0.19917868895350163,0.11876707696067901,0.20140684357708236,0.5896873951814081,10,3.0,64000.0,100000.0,1.1996506988525295,0.0066173192086131,-0.1214935635792382,VMV1,0.06448599976052932,0.10935624584732935,p1
287,65524,ghost_additional,0.12786438001640232,0.22427749752931259,0.1302344188547254,0.22843460820891068,0.5701168482125173,10,5.2,10000.0,10000.0,2.060894266461037,0.1091914715708749,0.1369269242280648,9a,0.06479303327662633,0.11364869057943368,p1
288,65528,ghost_additional,0.07472915194337273,0.12406770526547464,0.07497535484241666,0.12447645911748187,0.60232557524515,10,3.8,100000.0,100000.0,2.595821080297802,-0.112867619007922,-0.0493040667738383,9p,0.02818674540220678,0.04679652759346075,p1
289,65529,ghost_additional,0.08927034991548166,0.14749503680323803,0.0897053077015971,0.148213686553482,0.60524307698957,10,4.0,100000.0,100000.0,3.394282575903058,-0.0409032511134444,-0.0687898063794084,9p,0.03655472560567716,0.06039676783664738,p1
290,65897,ghost_additional,0.15382770303015772,0.26692703390767764,0.1571096757880742,0.2726220240582144,0.5762912087928954,10,4.2,26200.0,10000.0,1.837692920943067,0.0510782621284268,-0.0537353747511272,PFm,0.09443145117568644,0.1638606484618833,p1
291,65899,ghost_additional,0.11145224182584823,0.18756384277673335,0.11388472958723886,0.19165749530950804,0.594209631109528,10,4.6,26200.0,10000.0,2.576772182195173,0.0433073312850545,-0.0423949129767865,PSL,0.08625074589174409,0.1451520496742771,p1
292,65900,ghost_additional,0.11570049884062214,0.19270527227540707,0.1171970206997126,0.19519780822133573,0.6004013147874199,10,4.8,10000.0,10000.0,4.422147896468475,0.0738481330842136,-0.0127032303008922,PFm,0.05886349726313417,0.09804025376589254,p1
293,67430,ghost_additional,0.050771098247592586,0.08570837758000938,0.05110450745025005,0.08627121673095035,0.5923703105941704,10,3.4,82000.0,100000.0,0.630985461829336,-0.0903222314508064,-0.0850278922713772,SFL,0.061182831222253306,0.10328476989483917,p1
294,67590,ghost_additional,0.06979150737215914,0.11215149181691189,0.0711248142565427,0.11429404986965609,0.6222967366862517,10,6.0,46000.0,10000.0,3.227951748695447,0.0274773993865216,0.05835314421752,9m,0.06337476984861125,0.10184011278298476,p1
295,67591,ghost_additional,0.02756987800307973,0.04662611245433057,0.027841975304372466,0.0470862827665524,0.5912969482515602,10,6.4,46000.0,10000.0,3.428179207728466,0.0221027239270899,0.0299855535509504,9m,0.04484897688740638,0.07584848360882444,p1
296,67592,ghost_additional,0.033099031156113845,0.05458088054608552,0.03350570568207279,0.05525149394313056,0.6064217144347201,10,5.2,82000.0,100000.0,3.29072685732932,0.0447939292627709,0.0026292640515116,9m,0.07410712701688568,0.12220394694468537,p1
297,68038,ghost_additional,-0.1402827232281342,-0.2462638971908176,-0.14119014450529338,-0.24785685956683076,0.5696438853943586,10,7.2,100000.0,100000.0,1.593592608625177,0.1228934135872519,-0.0231285781098857,45,0.03956278245016766,0.06945178112950119,p1
298,69228,ghost_additional,-0.0033696562995211067,-0.005843254934868165,-0.00322682146607338,-0.005595567850125095,0.5766745310757407,10,8.8,40600.0,1000.0,7.100621292478065,-0.008110231589076,-0.058682264457336,PCV,0.0441087619671129,0.07648813947935501,p1
299,69229,ghost_additional,0.20680049033736517,0.31942002861922125,0.21361038770179078,0.32993846408081146,0.6474249320911897,10,8.8,2800.0,1000.0,8.839116078827418,0.0129396741172768,-0.0679907596159785,PCV,0.0901578276615175,0.13925603292771985,p1
300,69230,ghost_additional,0.1836316469924634,0.29625462931288377,0.18702139622653435,0.30172334300821174,0.6198439748211472,10,9.2,4600.0,1000.0,7.698591627377067,-0.0577570439424368,-0.0557588847541562,PCV,0.06827445954068079,0.11014781511812072,p1
301,69530,ghost_additional,-0.03951764295163061,-0.06933306442816187,-0.04006077879819616,-0.07028598747292103,0.5699682146975642,10,5.4,64000.0,100000.0,0.2746482252905131,-0.0985757493868533,-0.0201992677316869,POS1,0.05103154569224437,0.08953402027746875,p1
302,69792,ghost_additional,0.2802550325050418,0.4846452524533492,0.2827743902547177,0.48900197983018945,0.5782683954631712,10,6.4,820.0,1000.0,6.223904846424446,-0.0267515442589996,-0.1045620459167924,STSva,0.044330599104380364,0.07666094058084087,p1
303,69949,ghost_additional,0.11063040771063577,0.17990651879200212,0.11158234458278318,0.1814545529385067,0.6149327353643059,10,7.8,4600.0,1000.0,-2.9159265273862087,0.09994066474938,-0.056062127216194,PeEc,0.049862422024085834,0.0810859776306196,p1
304,70240,ghost_additional,-0.16797531271942476,-0.29303346433974115,-0.1724674570588589,-0.3008700243483972,0.5732291125790168,10,4.8,100000.0,100000.0,0.5826185174141717,-0.0982980498973059,0.1323117385653673,V2,0.08526417222270465,0.14874361813044065,p1
305,70241,ghost_additional,-0.2062701599959051,-0.36174514336408453,-0.21040074318814794,-0.368989130614033,0.5702085122074493,10,6.8,100000.0,100000.0,-0.4977227748572614,-0.0927493859195101,0.0543907488377494,V2,0.08355643078402977,0.1465366247525096,p1
306,70940,ghost_additional,0.10679099684775573,0.1852225121890051,0.10714325712781127,0.18583348629676913,0.5765551691620717,10,3.6,28000.0,10000.0,1.46839597237819,0.1138661644397214,-0.0189467331322723,9a,0.02633172021104345,0.045670772927614685,p1
307,70942,ghost_additional,0.15952813997355336,0.2681392275878285,0.16057392577472335,0.2698970127472024,0.5949451760887923,10,3.4,10000.0,10000.0,1.394641455089436,0.1337509778335166,0.0941770739249419,9a,0.03920520576449524,0.06589717395850282,p1
308,71656,ghost_additional,0.020732024345576368,0.036044615906883425,0.02086426723573187,0.03627453287507801,0.5751767309474141,10,3.2,64000.0,100000.0,4.041646502768148,0.098053118277361,-0.0007227314515043,PoI2,0.02835402135097194,0.04929618989326643,p1
309,71980,ghost_additional,0.38098907145561645,0.5606370191460321,0.39002079588960237,0.573927476651998,0.6795645996333649,10,4.4,100.0,100.0,2.8818885875488305,0.0584647834640167,0.0482747068395673,55b,0.06931307048141372,0.10199629368393989,p1
310,71981,ghost_additional,0.42404471994987675,0.6077998994503061,0.42872856124215275,0.6145134325579064,0.6976715862134603,10,4.6,100.0,100.0,2.481402345686273,0.0974182895849728,0.0179692746081455,55b,0.04621121384118576,0.06623634207606519,p1
311,71994,ghost_additional,0.16816508532383728,0.270091924986932,0.17126201504103764,0.27506594029609743,0.6226216697591892,10,5.4,8200.0,10000.0,3.0952260783000463,0.0803346348640108,-0.0515455488913918,8Av,0.08107663003486001,0.13021813080520944,p1
312,71995,ghost_additional,0.1859484237270837,0.3235881609431175,0.18949646447414512,0.32976247507431933,0.5746453244306765,10,5.6,8200.0,10000.0,2.865365000890518,0.0335612687682555,-0.0945723408504534,8Av,0.07455524146268619,0.12974131745794845,p1
313,71996,ghost_additional,0.1624479911161693,0.2636759889480754,0.16500947263708277,0.2678336345339546,0.6160894352354529,10,5.6,8200.0,10000.0,3.673429855490645,0.0529207728875099,-0.0671036992816002,8Av,0.06672820092686418,0.10830927639809705,p1
314,73207,ghost_additional,-0.13427839685213236,-0.23468503376890937,-0.13929547865834074,-0.24345363721305077,0.5721642948239902,10,7.6,100000.0,100000.0,1.6533431435236037,-0.097577918376605,-0.0541503444317556,10pp,0.08905157390472992,0.1556398655252056,p1
315,73256,ghost_additional,-0.06024110262908601,-0.10538330284926775,-0.06064185496122839,-0.10608436246707958,0.5716380204485553,10,4.4,82000.0,100000.0,0.7897664306970253,0.121090579978304,-0.0143433918651888,10v,0.06857863009759003,0.1199686298748594,p1
316,73778,ghost_additional,0.20814827454525378,0.32393093922367894,0.21384791031758701,0.3328010025138907,0.6425699102533841,10,4.0,820.0,1000.0,1.8062989167477703,0.0351347375974435,0.1178554541556416,PF,0.08009618572635976,0.12464976098052195,p1
317,73779,ghost_additional,0.1237653925732631,0.20603099854743445,0.12526341824663434,0.208524746750525,0.6007124823246859,10,4.2,24400.0,10000.0,2.8809439772742587,0.0746658343770375,0.1302170116562106,PF,0.04936892837108467,0.08218395625812999,p1
318,74049,ghost_additional,0.22806401917339106,0.3938089747895022,0.23140369527869925,0.3995757521528377,0.579123467908001,10,7.4,1000.0,1000.0,3.7846719362253776,0.0465146318359832,0.1013772281263385,TPOJ1,0.0544138675940809,0.0939590097956884,p1
319,74682,ghost_additional,0.17699292893691246,0.30059102144990735,0.18070400550442417,0.30689362519123975,0.5888164193434096,10,8.6,6400.0,10000.0,2.20286308356266,-0.1245194332463169,0.0215256227723777,7m,0.06344363554760041,0.10774773505525974,p1
320,75389,ghost_additional,0.1968037204650383,0.32378554253535213,0.20307813751166673,0.33410834295160013,0.6078212106816058,10,4.0,6400.0,10000.0,-2.4167214979871017,-0.0963207163648185,-0.0799172665269073,PHT,0.09622355457773027,0.15830897784864395,p1
321,75932,ghost_additional,0.11152201073039629,0.17722767276006793,0.11334797503421305,0.18012944436541256,0.6292584504078862,10,4.8,22600.0,1000.0,2.2354494111038083,-0.1162656614834704,-0.1333987208114719,PHA1,0.05955043475931736,0.09463589201021724,p1
322,76308,ghost_additional,-0.21273607698283917,-0.36332631068167087,-0.21509047351824845,-0.3673473221585393,0.5855234557158959,10,5.0,100000.0,100000.0,-0.2180029390211317,-0.0742653221725731,0.0065240310319581,3a,0.05324909466633265,0.09094271825750709,p1
323,76778,ghost_additional,0.09365877049841165,0.14806662710818067,0.09552948036407177,0.15102406183247047,0.6325447693894083,10,3.2,6400.0,10000.0,-1.244768064442289,0.0523668196538164,-0.0808882793445654,6a,0.11280759732240145,0.17833930937614734,p1
324,76779,ghost_additional,0.18607954754590111,0.3103336840344875,0.1961064173141589,0.3270559701511275,0.5996111834422138,10,3.6,8200.0,10000.0,-1.4487594676192668,0.0011812353667234,-0.069080389823277,6a,0.0958993315681348,0.15993586213252622,p1
325,76780,ghost_additional,0.14233192859733745,0.2253894652616387,0.14784739859407708,0.2341234776893675,0.6314932618173364,10,3.8,4600.0,1000.0,-1.837101921676328,0.0111900589201356,-0.1166566412640446,6a,0.10728713655980093,0.16989434891363012,p1
326,76994,ghost_additional,0.13014292351897733,0.22831291603279275,0.13306346813042205,0.23343649892622276,0.5700199786344318,10,6.2,6400.0,10000.0,1.870097112786948,-0.0040266847260788,0.0290210148053823,9m,0.06929272814050916,0.12156192894591215,p1
327,77014,ghost_additional,0.2143595270208567,0.3710865028117864,0.22411662373085742,0.3879774100927969,0.5776537960734697,10,6.2,2260.0,100.0,2.402783508553198,0.1215237832066062,0.0565330770804674,9m,0.09539251063035167,0.16513785814058607,p1
328,77015,ghost_additional,0.20411909226277528,0.34990051550248635,0.21144395949313566,0.36245678739003173,0.5833632224566552,10,6.4,2440.0,1000.0,2.1937453474457147,0.1146613914238904,0.0562628396123392,9m,0.0899065528872745,0.15411762247997166,p1
329,77016,ghost_additional,0.21266326981646522,0.35570058422068757,0.218252616777284,0.36504932592437334,0.5978715786548228,10,5.6,2620.0,1000.0,2.0803485833014617,0.0947625359981913,0.053452382879401,9m,0.07618754779385609,0.12743129212677037,p1
330,77017,ghost_additional,0.2133602108983906,0.3537765327262596,0.22208216791838503,0.36823857182965436,0.6030931708618491,10,6.2,4420.0,1000.0,1.867749408258024,0.0764808200776475,0.037712054241351,9m,0.08934053009487786,0.1481371940710354,p1
331,77018,ghost_additional,0.20794921314631204,0.35926791044371603,0.2186791020290801,0.377805632707147,0.578813768503519,10,6.6,4600.0,1000.0,1.6730426927420117,0.0648618038636797,0.0311915996399852,9m,0.09681040324908038,0.1672565659579534,p1
332,77020,ghost_additional,0.13221650283688052,0.2242752448678865,0.13382022333999988,0.22699559218323248,0.5895278496508392,10,6.0,28000.0,10000.0,2.0275031585930305,-0.006062111025242,0.0283285154642539,9m,0.052404762282925454,0.08889276785475585,p1
333,77021,ghost_additional,0.1553660661631502,0.24924852423960672,0.15883262066703102,0.25480980036396406,0.6233379581168322,10,4.6,8200.0,10000.0,2.3388599921947324,0.0089615911690697,0.0589101707233026,9m,0.0715655282668756,0.11481015608785061,p1
334,78015,ghost_additional,0.14915435589019926,0.25940556751542165,0.15020618046845255,0.26123487481268437,0.5749851759882989,10,5.8,10000.0,10000.0,1.4103959026416353,0.0872922958861355,-0.0317232381281469,PGi,0.042914649322456255,0.0746360969197049,p1
335,78148,ghost_additional,0.13640240473048254,0.23196571183296302,0.1365144001392539,0.23215617104641312,0.588028306652084,10,7.0,28000.0,10000.0,2.1887806287239213,-0.104575855713875,0.1160268198332988,PGi,0.014073902486204215,0.023934056110892728,p1
336,78149,ghost_additional,0.16747294567131568,0.2936490207555541,0.16900085842146476,0.29632808083348317,0.5703167176938324,10,7.0,24400.0,10000.0,3.1724277444410145,-0.0353461462714467,0.1327671256032904,PFm,0.051646716679237925,0.09055795679298996,p1
337,78173,ghost_additional,0.19716892363622004,0.2819804485420961,0.19757866463938425,0.28256643820886274,0.6992290588075479,10,6.0,8200.0,10000.0,10.249877108151177,0.081063662654968,0.0197768507652641,PFm,0.022629334428621667,0.032363263716775885,p1
338,78174,ghost_additional,0.2066357420627451,0.3099144430677042,0.20797411355477682,0.3119217466030469,0.6667509265375,10,6.4,8200.0,10000.0,8.0434803123506,0.1007324040864456,-0.0206045354973599,STV,0.040693623989934924,0.061032722070984924,p1
339,78648,ghost_additional,0.12021096516199967,0.19854902953286654,0.12346356521455977,0.2039212564592876,0.6054472562511353,10,7.4,24400.0,10000.0,0.8706205656839289,-0.1283347700779819,-0.0673464717979607,PCV,0.07297771415343977,0.12053521326582597,p1
340,78682,ghost_additional,0.12112747393218311,0.21113682924459742,0.12836646836162502,0.22375509231187973,0.5736918299168904,10,6.4,28000.0,10000.0,1.0682424840108136,0.0139704652026087,-0.0920722951084699,PCV,0.1100797442583217,0.19187957456927485,p1
341,78719,ghost_additional,0.17847701109620692,0.3080949106042136,0.18318984899396779,0.3162304198324587,0.579292305563213,10,6.8,4600.0,1000.0,1.0403572870699291,-0.1157865379935632,-0.0597712326692153,PCV,0.08508936260831118,0.14688502124257222,p1
342,78720,ghost_additional,0.20034170583582625,0.3426017760337889,0.2039577387155898,0.3487855073823618,0.5847655203517325,10,6.6,4600.0,1000.0,0.8883171822711561,-0.1341750092930947,-0.0599579120815595,PCV,0.06947220688540412,0.11880352802541617,p1
343,79229,ghost_additional,0.0424209593717446,0.07395960895194202,0.04259720996722705,0.07426689632385637,0.5735692761613868,10,4.4,100000.0,100000.0,-0.7390276236602773,0.0786725571969571,0.0919584123486112,PI,0.028917099245483573,0.05041605338244633,p1
344,79300,ghost_additional,-0.058581959146255955,-0.09015426635710741,-0.060033570576826234,-0.09238821287350722,0.6497968594654043,10,4.4,64000.0,100000.0,1.7386593238110175,0.1320820278348301,-0.0615228852571937,PoI1,0.09687684233682298,0.1490878894313597,p1
345,80320,ghost_additional,0.09200927443005148,0.14578724963583456,0.0928747399622488,0.14715856617294718,0.6311201745000584,10,6.2,46000.0,10000.0,4.457994739869922,0.1328727139865732,0.019011139882256,8C,0.049654902082452476,0.07867741214545484,p1
346,81423,ghost_additional,0.1542733925707994,0.26974534098094777,0.15605920559859876,0.2728678155443492,0.5719223620685103,10,2.6,8200.0,10000.0,-3.233634544554493,0.0515159084138366,-0.0946952286306321,LIPd,0.053368972782391805,0.09331506568368586,p1
347,82600,ghost_additional,0.06109192953307102,0.10536476506861496,0.06252724951165158,0.10784025002214818,0.5798136549090878,10,4.0,100000.0,100000.0,3.3331941322854486,-0.0110428824170968,-0.0240456394284266,8BL,0.05696757156038605,0.09825151766961804,p1
348,82601,ghost_additional,0.08373891176100627,0.1411751312587766,0.08488133782811795,0.14310114327142662,0.5931562521979266,10,5.4,64000.0,100000.0,3.412608631879693,0.0151793979110822,0.0148123950723578,8BL,0.05773963883549903,0.09734305020228001,p1
349,82602,ghost_additional,0.0693125372868882,0.11948507785095448,0.07053271385443756,0.12158849085345505,0.5800936697162181,10,5.6,64000.0,100000.0,3.27483269122322,0.0236598674361619,0.0199534520228658,8BL,0.06364741084996435,0.1097191956621431,p1
350,82626,ghost_additional,0.2505679819678132,0.39095796120523396,0.253125166932454,0.3949479036246492,0.6409077364619189,10,6.2,1000.0,1000.0,2.2325679893792563,0.107727364310469,0.1062221443543992,8BL,0.05152778682285358,0.08039813516265025,p1
351,83783,ghost_additional,0.2394838907666185,0.3970928186083589,0.24378939279520262,0.40423185385027666,0.6030929786287939,10,7.2,6400.0,10000.0,2.024598022634468,0.1365396135885345,0.1280023760114918,47s,0.06392787388016696,0.10600003008742509,p1
352,86041,ghost_additional,-0.2606096930222743,-0.45163442062866715,-0.26259794218739374,-0.4550800398201122,0.577036826952893,10,5.2,100000.0,100000.0,0.2355196941835305,0.0666412385404429,0.0790973207808472,A4,0.04378916753176321,0.07588626147657986,p1
353,86260,ghost_additional,0.17404611875341752,0.2820433224332882,0.18122309794663935,0.29367368265728555,0.6170900174195214,10,5.2,2620.0,1000.0,0.0854269425253475,-0.0547494961608312,-0.125689077751168,FST,0.09493077933202818,0.15383619350868644,p1
354,86329,ghost_additional,0.23221001308033423,0.40258912142537023,0.24206682260898796,0.4196781531839839,0.5767915741443601,10,7.6,1000.0,1000.0,5.848771680261694,0.0997499928517737,0.0469411847227463,PGi,0.09874598771010737,0.17119873475369649,p1
355,86330,ghost_additional,0.29973381544562644,0.5251101306186536,0.3098384867918537,0.54281272210833,0.5708018146450494,10,7.8,1000.0,1000.0,6.141012297381501,0.0830929661200762,0.0876660157935124,PGi,0.08602347083722223,0.1507063723872629,p1
356,86333,ghost_additional,0.45301536246267143,0.7700294382976584,0.4660242025236137,0.7921416901881378,0.5883091475881423,10,8.0,280.0,100.0,4.952976294690839,0.066833080355156,0.0630954852883356,PGi,0.07098164970761772,0.12065365632782894,p1
357,86334,ghost_additional,0.40421350162824454,0.6849846609661745,0.4141826302484103,0.7018784563503098,0.5901059172012688,10,8.2,280.0,100.0,4.249887950203929,0.1124913746141542,0.0450711462892743,PGi,0.06938034695344586,0.11757270166430502,p1
358,86336,ghost_additional,0.31514228009876993,0.4883275357489053,0.3220554467066945,0.4990398070849234,0.6453502148214184,10,6.8,1000.0,1000.0,1.6214219772555072,0.0346888639884858,0.0431704484200808,PGi,0.0683866565438136,0.10596828663447115,p1
359,86339,ghost_additional,0.31598583118953005,0.4848543498148289,0.3207455830603245,0.49215779880146954,0.6517128933878977,10,6.8,1000.0,1000.0,0.6245601345197455,-0.0362738003124303,0.0416720230045793,PGi,0.05490873370656857,0.08425294982446671,p1
360,86340,ghost_additional,0.29509706360394616,0.44001638038926816,0.3023393341182942,0.45081525998029076,0.6706501774840369,10,7.2,640.0,1000.0,8.678471666407193,0.1278715553707717,-0.0304896224638283,PGi,0.06817457969664587,0.10165445710072683,p1
361,86341,ghost_additional,0.3461869687338287,0.511928759552158,0.3513537765858276,0.5195692479974403,0.6762405164278671,10,7.8,100.0,100.0,6.96615063464011,0.1053422088516991,0.0032710479703471,PGi,0.05395590251076543,0.07978803576540917,p1
362,86344,ghost_additional,0.2537095239875685,0.36436524702171685,0.2602795213816508,0.37380075691429826,0.6963054958214688,10,6.8,2800.0,1000.0,0.066163001404776,-0.1186282689785626,-0.0018475726599637,TPOJ2,0.07753211943864008,0.11134784933324603,p1
363,86555,ghost_additional,0.3071286046916236,0.5205645931308462,0.31361638788959056,0.5315609971426505,0.5899913454437065,10,4.4,1000.0,1000.0,4.001307379247865,0.0440995989878757,0.0880237922691862,STSvp,0.07409019448993653,0.1255784429078643,p1
364,86556,ghost_additional,0.3420326114453198,0.5768702208733314,0.3490291472666189,0.5886705376546048,0.5929108473089704,10,5.0,1000.0,1000.0,4.573204879475487,0.0877932625480765,0.1280656808488269,STSvp,0.06829925152883959,0.11519312193195266,p1
365,86694,ghost_additional,0.11919972908077762,0.2073364428544565,0.12431936697358553,0.21624155964946484,0.5749096851461467,10,3.8,28000.0,10000.0,-3.11798975134004,-0.0571539890087854,-0.0652124896754968,VIP,0.1312605166321722,0.2283150206432941,p1
366,86707,ghost_additional,0.04026086514913428,0.07012864697133793,0.041200700723424695,0.07176570561268544,0.5741001272360092,10,5.0,46000.0,10000.0,-1.0516040089237635,0.0428772917009213,0.0015112647670419,7PL,0.11122862755731538,0.19374430048086358,p1
367,88189,ghost_additional,0.03201473346252541,0.05066349132217852,0.032774638210090676,0.05186604475367968,0.6319093419546986,10,5.6,100000.0,100000.0,3.306825806573993,-0.0602137572304102,0.0305320727265558,PCV,0.05282817865474919,0.08360088251161893,p1
368,88190,ghost_additional,-0.12313076646124696,-0.2087846656669434,-0.12383458210801505,-0.20997807913073344,0.5897500473414418,10,6.4,100000.0,100000.0,3.151192884422125,-0.1054168161963311,0.0180378027311546,PCV,0.04223032560741975,0.07160715933435115,p1
369,88191,ghost_additional,-0.12178499896926487,-0.21363664627706766,-0.1224867319586471,-0.2148676343601848,0.5700566877993423,10,5.8,100000.0,100000.0,2.895628934735169,-0.1085810471167283,-0.0071778143336037,PCV,0.044251900177900844,0.07762719239157026,p1
370,88380,ghost_additional,0.21094766257577038,0.3649137048905603,0.21622350846815092,0.3740402742372517,0.5780754730465242,10,6.6,4600.0,1000.0,6.614711118860559,0.0893305043813862,-0.0293782390579988,31pd,0.07878438189497217,0.13628736310116984,p1
371,88382,ghost_additional,0.1908266990555783,0.3165047916382697,0.19611398133377442,0.3252742677339904,0.6029188312373871,10,6.8,4600.0,1000.0,6.60924637102258,0.0918299872791785,-0.0363152309736934,31pd,0.08124907298652276,0.13475955431641276,p1
372,88383,ghost_additional,0.12435225547473905,0.20485069304615947,0.12639502395019914,0.20821583134890503,0.6070384904517676,10,8.8,24400.0,10000.0,4.723812450175055,0.0686399717013847,-0.0928538375185461,31pd,0.05666780982616376,0.09335126308710784,p1
373,88384,ghost_additional,0.21634257281332675,0.36985660775742774,0.2210970588315996,0.3779848187123092,0.5849363463453817,10,6.4,4600.0,1000.0,5.663921521717933,0.0451469258786262,-0.1321117495560516,31pd,0.06886193359235163,0.11772551666962303,p1
374,88559,ghost_additional,0.03358325280221362,0.058675691943530124,0.033779732454411515,0.059018975532330535,0.5723537582570712,10,2.4,80200.0,100000.0,-0.2572959482279431,-0.1383073965194237,0.0182081979343996,Unknown,0.06423680838228091,0.1122327012893119,p1
375,88560,ghost_additional,0.008746193158075144,0.014386236333126478,0.008260795944729442,0.01358782736817182,0.6079556150440624,10,2.8,62200.0,100000.0,-0.231593004601336,-0.115588046886919,0.0113417656523736,Unknown,0.07582617010068252,0.12472320055007127,p1
376,89073,ghost_additional,0.13053399077060385,0.22760676215418527,0.13099382817053667,0.22840856175517993,0.5735066460028001,10,5.2,20800.0,1000.0,2.614581994849708,0.0814878972873559,-0.0897594178905385,POS1,0.03295314335837174,0.0574590435665341,p1
377,89102,ghost_additional,0.1373955257465756,0.2350810640208091,0.13748775904844707,0.23523887340087646,0.5844602002244362,10,5.8,28000.0,10000.0,-0.9317914449430196,0.0069331257909295,-0.0824594605734698,POS1,0.01293471752062289,0.02213104932663658,p1
378,89722,ghost_additional,-0.15476198273292946,-0.271385763126028,-0.15833130044595703,-0.2776448068154646,0.5702656651928347,10,7.4,100000.0,100000.0,-0.3059091705115755,-0.0382397167349524,-0.0676998317156411,PeEc,0.07728835300215511,0.13553043383038,p1
379,89766,ghost_additional,0.08013602385844949,0.13074975430084498,0.08251514597864727,0.13463152454211666,0.6128961716751127,10,5.2,64000.0,100000.0,4.698958624826043,0.1210975201397583,-0.0893626119232005,STSda,0.0912759145797787,0.14892557467003192,p1
380,89847,ghost_additional,0.18780543411879919,0.29727591868443737,0.18983157055472258,0.3004830759916542,0.6317546168889561,10,6.4,20260.0,100.0,5.020888032271278,-0.061721426115726,-0.0252133643483605,STSva,0.05029383923478972,0.0796097691892767,p1
381,89876,ghost_additional,0.15495363474090879,0.24221771288630947,0.1579431440034264,0.24689080169400482,0.6397287501993708,10,4.8,64000.0,100000.0,7.355328272924002,0.0312797860655058,-0.0023349267027888,TE1a,0.06945894095430996,0.10857561260559753,p1
382,89880,ghost_additional,0.0007210677253053577,0.0011959551906786038,0.0006705691085023168,0.0011121987268012186,0.6029220249432694,10,4.0,44200.0,10000.0,4.748911902736047,-0.0286832770611471,-0.065097108894442,TE1a,0.04291556397424406,0.07117929383701334,p1
383,90803,ghost_additional,-0.03238940224210253,-0.056208008361228703,-0.033105028240465496,-0.0574498933394952,0.576241770282047,10,7.2,64000.0,100000.0,-0.909021556763736,0.1304726308486599,-0.138947389385827,FFC,0.061095041578406506,0.1060232782994939,p1
384,90804,ghost_additional,-0.0589799279994236,-0.10020839299422526,-0.060246906529549706,-0.10236102163872553,0.5885727356472272,10,7.2,64000.0,100000.0,-0.3418879826812636,0.1380698061464482,-0.136698598915639,FFC,0.08032366667992456,0.13647194614204514,p1
385,91731,ghost_additional,-0.08585764919659304,-0.1467451521097935,-0.08634644179915352,-0.14758058081631023,0.5850799700173746,10,5.0,100000.0,100000.0,2.1511142064089173,0.0935821380045132,-0.1035906163089852,Unknown,0.03718605324478751,0.06355721465508934,p1
386,92750,ghost_additional,0.2476054667696775,0.42565644127496866,0.25548960204186805,0.4392099908240696,0.581702619201591,10,2.4,6400.0,10000.0,2.327462830811506,-0.0487104715379548,0.1324712174682859,STSvp,0.08553611624001178,0.14704440622497686,p1
387,92754,ghost_additional,0.2030127701334321,0.3548125940840213,0.20492686850988112,0.35815793147256847,0.5721690084240857,10,4.4,8200.0,10000.0,0.2604669948841499,-0.0513551930546234,0.1354122537085471,STSvp,0.04624423666783262,0.08082268698055185,p1
388,93211,ghost_additional,0.19006426190422784,0.31428708132096195,0.19259900422390355,0.3184784887826815,0.6047472937970587,10,5.8,8200.0,10000.0,4.723618533982426,-0.048848697832281,-0.104469402010597,PGi,0.0581224829441562,0.09611036467682146,p1
389,93260,ghost_additional,0.17887504077132838,0.30781211130966096,0.18511718461118357,0.31855372996231984,0.5811176175305817,10,3.4,28000.0,10000.0,0.6131363170731302,-0.0763732309393484,-0.1041422794049267,PGp,0.09660331072709802,0.16623710555809162,p1
390,93667,ghost_additional,0.348649429745552,0.5802358574710649,0.3566421549004353,0.5935376596198849,0.600875360004683,10,6.2,1000.0,1000.0,1.6482628425056,-0.1143876071069068,0.0949006270359893,9a,0.06815041899957253,0.11341856154501224,p1
391,93693,ghost_additional,0.30776861581896586,0.5123687102433925,0.3118485798905379,0.519160975022009,0.6006780071967419,10,7.4,1000.0,1000.0,0.2734052191484469,-0.1390229130921557,0.1311254865530285,9a,0.05496884752145659,0.09151133696068961,p1
392,94279,ghost_additional,0.25190682388333907,0.435716747094987,0.2537662925251361,0.4389330221265207,0.5781435429389703,10,8.0,1000.0,1000.0,7.456628478658687,0.0770407066159917,-0.033425574032101,PGi,0.042567158279987694,0.07362731764433308,p1
393,94280,ghost_additional,0.26332651641968513,0.4480541905858517,0.2696032572129827,0.4587341633204468,0.5877113124985472,10,7.4,1000.0,1000.0,7.160117802621865,0.1061779708062243,0.0066027658056402,PGi,0.07372446927776705,0.12544333877859343,p1
394,94281,ghost_additional,0.335682154543814,0.5538372753710011,0.3421452129236624,0.5645005846807362,0.6061024952120626,10,8.4,1000.0,1000.0,6.913620612990216,0.0324766938709814,-0.0287316957199693,PGi,0.06262023747746709,0.10331625091818435,p1
395,94282,ghost_additional,0.41217391275200266,0.6450903480639635,0.42457438656192564,0.6644982380800752,0.6389398229085483,10,9.0,280.0,100.0,7.003791063324172,0.0463405427810453,-0.0619050034540646,PGi,0.0736171565649319,0.1152176682771403,p1
396,94284,ghost_additional,0.3888519590623581,0.6429074293544932,0.3996008954079395,0.6606791568028938,0.6048335130498993,10,8.4,1000.0,1000.0,5.093602322603187,-0.0585105947821467,0.0273963091270461,TPOJ3,0.07408281179530968,0.12248463452652264,p1
397,94287,ghost_additional,0.25985016541800054,0.3792741060399244,0.2651530695356564,0.387014159679698,0.6851249829078692,10,8.2,820.0,1000.0,4.657591468164466,-0.0314212887734197,0.0157472961597839,PGi,0.07868429114692771,0.11484662376924099,p1
398,94921,ghost_additional,0.1903012536845305,0.2964701766669787,0.19505288120734107,0.3038727335281049,0.6418900404214807,10,5.8,10000.0,10000.0,2.1095066051035483,0.0989542363684562,0.1088019923694159,8BL,0.07578890315423328,0.11807147389990416,p1
399,95121,ghost_additional,0.4220630902336399,0.5504104306424833,0.4302973831900428,0.5611487321832819,0.7668152104984165,10,6.4,100.0,100.0,9.170454300117544,0.099359804314981,-0.0261084158577383,PFm,0.06242486166196093,0.08140795958049118,p1
400,96138,ghost_additional,0.17508716149237177,0.2751366184749097,0.17791008113301135,0.27957262941672756,0.636364444917892,10,7.0,820.0,1000.0,0.7381391991752921,-0.0546593504833476,0.0800120480607028,9m,0.06918826444844403,0.10872427741837645,p1
401,96140,ghost_additional,0.17919231592495805,0.28066810386637386,0.18723751681377943,0.2932692651775273,0.6384491627529986,10,8.0,820.0,1000.0,-0.3391424556053808,-0.064720353919167,0.0879632302461999,9m,0.10249307169922633,0.16053442886082783,p1
402,96141,ghost_additional,0.23568852785132277,0.4062186823090321,0.2396198115472247,0.4129944082948962,0.5802011037789296,10,7.0,1000.0,1000.0,-1.2933840086063193,-0.0861281103191968,0.1309194037415213,9m,0.059409610591357936,0.10239485965196372,p1
403,96142,ghost_additional,0.30194890241463435,0.5171086422187873,0.30524207284817395,0.5227484272216957,0.5839177259135433,10,6.4,1000.0,1000.0,-0.1210855681688305,-0.1397782801953495,0.1357034481254898,9m,0.048847447309820824,0.0836546745235361,p1
404,96247,ghost_additional,0.11961120301160626,0.19686687197685088,0.12026536521276658,0.1979435509422437,0.6075740514923763,10,6.4,820.0,1000.0,2.76584938957307,0.1277022605690782,-0.0300095887388137,13l,0.039005390305495005,0.0641985782797777,p1
405,96283,ghost_additional,-0.04979161450361928,-0.08595105669557396,-0.05051765140641104,-0.08720435285029891,0.5793019471531791,10,4.6,100000.0,100000.0,-0.1895470598248174,0.0183904171274622,-0.0871961394419529,10pp,0.061097207802510815,0.10546694707786902,p1
406,96634,ghost_additional,0.21412631194857773,0.3736161680054316,0.22181513592544144,0.3870319361310881,0.5731184308529838,10,7.4,10000.0,10000.0,-3.319991106935107,0.0703639604899646,-0.1120392472436764,PF,0.0856310597104819,0.14941250377000695,p1
407,96834,ghost_additional,0.2105757985124202,0.3697048380131214,0.22440526672434025,0.39398503232421617,0.5695781522473519,10,3.6,4600.0,1000.0,-1.296277606368248,-0.080140954677968,-0.1258936364638291,MIP,0.11298381610722597,0.19836402723916322,p1
408,97126,ghost_additional,0.05816814328747262,0.09669498481231655,0.05834108357390479,0.09698246963519205,0.6015631875880231,10,6.6,82000.0,100000.0,3.5871143912194468,-0.092876565665163,0.0506079017495546,31pd,0.02443717017237966,0.040622781906520695,p1
409,97127,ghost_additional,0.10833763807778182,0.18177780976561192,0.10842685403009422,0.18192750363650706,0.5959893466505874,10,6.4,28000.0,10000.0,3.6366258090944017,-0.0799525614813948,0.060617437393093,31pd,0.013931869187251478,0.02337603728245726,p1
410,97151,ghost_additional,-0.049133123893793006,-0.07773033574473327,-0.050423714429756565,-0.07977209551328111,0.6320971525859141,10,5.0,82000.0,100000.0,4.696553661140853,-0.0972035695466833,0.0825820631072043,31pv,0.06421604832915888,0.10159205442778937,p1
411,97310,ghost_additional,-0.21790009833726823,-0.3652570755432126,-0.2179358013265087,-0.36531692301247776,0.5965663991948845,10,4.4,100000.0,100000.0,0.9136031781423748,-0.121431715299538,-0.0716026641123487,POS1,0.006239557149843783,0.010459115964735156,p1
412,97453,ghost_additional,0.2878954661455174,0.4774017185770223,0.29212880393771434,0.48442163717584574,0.6030465642303074,10,7.4,1000.0,1000.0,6.877799084910397,-0.0519459296427558,-0.0921791114580006,STSva,0.05726129319603612,0.09495335284617866,p1
413,97465,ghost_additional,0.1839902105787186,0.3106132789867843,0.1848514157371049,0.31206717024157066,0.5923449608429228,10,6.0,2800.0,1000.0,2.994516506356312,-0.1195508640733277,-0.0028820680894283,STSva,0.03176009535420479,0.05361756654266008,p1
414,98089,ghost_additional,0.12404905209227568,0.21702235260493755,0.1247111921591481,0.21818075883733462,0.5715957393480647,10,5.8,10000.0,10000.0,-0.1483765145265163,0.0294050816323905,-0.0518769097491047,7PL,0.03503153974551472,0.06128726534153325,p1
415,98599,ghost_additional,0.22540365388180378,0.36169775536706456,0.22654001021848905,0.363521228630243,0.6231823408830824,10,5.4,8200.0,10000.0,5.299009368233989,-0.0099745214982687,-0.0514094293786367,PGi,0.03415250466756506,0.054803389677520624,p1
416,100213,ghost_additional,0.22911369759176262,0.40132466284629015,0.2328062868161844,0.4077927489585462,0.5708936399941974,10,4.6,10000.0,10000.0,0.0388408464510682,-0.0899906672415727,0.046699319503551,5m,0.05603983824965217,0.09816160896488839,p1
417,100459,ghost_additional,0.06162420722486249,0.10490785846620546,0.06232342150108888,0.10609818732610053,0.5874126888665241,10,3.8,82000.0,100000.0,2.647785183989752,0.0322797567028777,0.0066976737620556,9m,0.06487157990893663,0.11043612291405097,p1
418,101219,ghost_additional,0.19617155490096555,0.3102236770799025,0.20661734451795952,0.3267425412272702,0.6323551985054925,10,3.2,4600.0,1000.0,-0.1908523092588379,-0.1390318699699754,-0.0964948312703905,PGp,0.10298279086574416,0.16285592513374375,p1
419,101454,ghost_additional,0.02475295825896768,0.04304536120771044,0.02578949501175405,0.04484789723035299,0.575043571815442,10,5.0,28000.0,10000.0,3.0906494454319366,-0.109637951947711,-0.0844676762148202,31pd,0.05841913272589544,0.10159079344450934,p1
420,101786,ghost_additional,0.21979736835927102,0.3631214867611336,0.2220631915062357,0.36686479395359617,0.6052998138990789,10,5.4,8200.0,10000.0,4.357346705442555,-0.0403160206793517,-0.0956442489044826,TE1a,0.05255220903084257,0.08682013082463057,p1
421,101787,ghost_additional,0.15735352299203959,0.25854278072397413,0.15810562418968818,0.25977853529322986,0.6086169667991372,10,5.2,10000.0,10000.0,4.660840424686029,-0.048587445059953,-0.0917500173369754,TE1a,0.03304595260658183,0.054296798165812614,p1
422,101788,ghost_additional,0.23029222742326602,0.39104290820165255,0.23322111999507317,0.39601625307700794,0.5889180511733234,10,5.2,8200.0,10000.0,3.760093008050541,-0.04125642863197,-0.0336173703800614,TE1a,0.05538604273526182,0.09404711338855065,p1
423,101791,ghost_additional,0.21776121518628208,0.37003900312148824,0.21875336939124881,0.37172495878000444,0.5884817907013669,10,5.4,10000.0,10000.0,4.029603179857717,0.0327906431452893,0.1305695782485873,TE1a,0.03165961274657761,0.053798797595495544,p1
424,103287,ghost_additional,7.6752655562419e-05,0.00012625757277304263,0.0002612790373700095,0.0004298021590664921,0.6079053626382286,10,5.8,64000.0,100000.0,-1.5677129109908463,-0.1235028410816176,-0.0471956488023543,4,0.06757137725565837,0.11115443522723267,p1
425,103512,ghost_additional,0.045861045350613694,0.07986128342258826,0.04656983628447964,0.08109555432121425,0.5742588070860152,10,3.6,100000.0,100000.0,-0.2227895362910872,0.078807346480554,0.0684773718675852,2,0.059162977830466756,0.10302493771176077,p1
426,104266,ghost_additional,0.2393374856607033,0.41061264397676156,0.2463728870422839,0.42268273301757286,0.5828789959869051,10,7.8,1000.0,1000.0,1.6516548134572784,-0.1109226028017555,-0.0562094215020374,TPOJ3,0.07768461065925161,0.13327742326298694,p1
427,104267,ghost_additional,0.30231432335564923,0.4497242583167442,0.31826265591378977,0.473449075425925,0.6722215174408648,10,8.4,1000.0,1000.0,2.6278732735775656,-0.0322656110945572,-0.138700202469382,TPOJ3,0.10299003705432208,0.15320848021408673,p1
428,104283,ghost_additional,0.35172644157513056,0.5652882048291173,0.3561810471406236,0.5724475641654881,0.6222072892560264,10,8.2,1000.0,1000.0,4.792894822392962,-0.0238016992443277,-0.1155884181362397,TPOJ3,0.053068357713222325,0.08529047896027735,p1
429,104672,ghost_additional,0.30273840485526293,0.5254027566017038,0.3067676823244443,0.5323955710430468,0.576202543765415,10,7.4,640.0,1000.0,5.446338396679329,0.0301212900852466,0.0240190126857528,7m,0.05382402874121639,0.0934116472125978,p1
430,105432,ghost_additional,0.06043957405486779,0.10090151990866582,0.06066781289896012,0.10128255578840592,0.5989956752839458,10,5.0,100000.0,100000.0,-0.6185046641137352,0.063940836253906,-0.0397703998998636,PreS,0.030683928231353012,0.05122562565549027,p1
431,105598,ghost_additional,-0.0006874218043627256,-0.0011303103803081682,-0.0006567888746866815,-0.0010799414246359205,0.6081708319579501,10,4.6,46000.0,10000.0,-3.022084610502409,0.1271228749629203,-0.0745163823246167,i6-8,0.05628095119268817,0.09254135225705715,p1
432,105691,ghost_additional,-0.23473179960974422,-0.40093332451282543,-0.23552969907401064,-0.4022961755852715,0.5854634305965141,10,4.8,100000.0,100000.0,-0.0368050723874754,-0.0761129696538301,0.0162084832809119,3a,0.028846256417091154,0.049270808234257134,p1
433,106112,ghost_additional,0.24320913149673373,0.4182031955161057,0.25837186503195714,0.44427583340665633,0.581557324535956,10,5.8,2800.0,1000.0,4.491021538541756,0.0754187184357994,0.0144828720202489,9m,0.1097131017566021,0.18865397636277015,p1
434,106113,ghost_additional,0.24099918951844881,0.41102908071399785,0.2539796505390764,0.43316752429637356,0.5863312374389898,10,6.8,2800.0,1000.0,3.153744777763541,0.0977417056400165,0.0438631464259477,9m,0.10556269115735045,0.18003934366252264,p1
435,106807,ghost_additional,0.38522864407930013,0.4990200722141718,0.3929092989450896,0.5089694905782678,0.7719702383313469,10,5.8,280.0,100.0,5.16997423410313,0.1018189574053195,-0.1056581218885555,STV,0.06627991414046008,0.0858581210121876,p1
436,107089,ghost_additional,0.24906963797943532,0.40449987424863104,0.2535352239777158,0.4117521792240774,0.6157471332768363,10,8.0,1000.0,1000.0,2.97925386474872,-0.0069480194900459,0.0350976003909368,PCV,0.060294867082170134,0.09792147429302268,p1
437,107090,ghost_additional,0.25036976434327485,0.4174373405940789,0.2530620899864057,0.42192621032413496,0.5997780744457584,10,7.8,1000.0,1000.0,4.27826460908255,0.0303475838743223,0.0324090843234564,PCV,0.04864765294219986,0.08110942199271635,p1
438,107095,ghost_additional,0.20158498138231234,0.34516603772984306,0.20789720745875387,0.35597421425728093,0.5840232217171096,10,7.6,4600.0,1000.0,0.0910694371090423,-0.1350406991726525,-0.1065125559745928,PCV,0.07807954044909884,0.13369252719015884,p1
439,109464,ghost_additional,0.0827399965597898,0.14492285225289564,0.08382641760930616,0.14682576793805308,0.5709244282289276,10,4.6,100000.0,100000.0,3.930579475417909,-0.0132335261920278,-0.0193062877867663,8BL,0.05013540541469018,0.08781443381257288,p1
440,109467,ghost_additional,0.11853404383649395,0.20087414521130018,0.11992465914113586,0.20323075645644603,0.5900910926680365,10,5.2,64000.0,100000.0,3.4075916714249925,0.0083389898042046,0.021879001195933,8BL,0.053475028448806236,0.09062164996767595,p1
441,109472,ghost_additional,0.2012422578721787,0.3501035519556874,0.20511929073722673,0.35684847218990773,0.5748078154249916,10,6.2,8200.0,10000.0,2.227083113832618,0.0676121894507787,0.0752622053410062,8BL,0.07270130031901417,0.1264793177268502,p1
442,109473,ghost_additional,0.2088402172389614,0.3599760176369676,0.21348731833359155,0.36798618429795726,0.5801503628210443,10,6.2,6400.0,10000.0,2.4847287622602443,0.0625014820614433,0.0468131174500829,8BL,0.07902485576415005,0.13621443823612053,p1
443,109474,ghost_additional,0.2650266642613455,0.41751184005151665,0.26939341473012784,0.424391034748203,0.6347764035353919,10,6.6,1000.0,1000.0,1.97113071525186,0.0522159836994544,0.1335908510152727,8BL,0.062171002619279325,0.09794157796826956,p1
444,109479,ghost_additional,0.2747283271280908,0.45762343411621476,0.27647196510752176,0.4605278655898233,0.6003371039305709,10,6.2,1000.0,1000.0,3.067136235829192,0.1342218853657394,0.1247548413483814,8BL,0.03707976588931433,0.061764907826857576,p1
445,111661,ghost_additional,0.20325685965621218,0.34904991422403414,0.20590278190047273,0.35359371625838965,0.5823145956304514,10,4.6,2620.0,1000.0,-0.8253329419303241,-0.0532769490921058,-0.0851782421092453,FST,0.05436336546093401,0.0933573808193434,p1
446,111662,ghost_additional,0.29548595750069745,0.49677321123743795,0.29988850722515437,0.5041748109031202,0.5948105711349778,10,3.8,640.0,1000.0,-0.0622793488742618,-0.0663452233962412,-0.1070946372970138,FST,0.05577112902611098,0.09376284103305735,p1
447,111696,ghost_additional,0.2307118711580715,0.38449261042885946,0.2349532092885133,0.39156100773888647,0.6000424062785957,10,6.6,820.0,1000.0,4.095888661142843,-0.0335113161974971,0.0459882131265676,PGi,0.06690488072650838,0.11150025402612108,p1
448,111698,ghost_additional,0.11899854251536213,0.18890577230776145,0.12085360404821273,0.19185061368257345,0.6299359784596318,10,6.6,22600.0,1000.0,4.167287805084951,-0.0370956300001199,-0.0011131484318576,PGi,0.06655312871625736,0.1056506232252335,p1
449,111701,ghost_additional,0.13984802174438687,0.22881640572510986,0.14296402821647344,0.2339147502870532,0.6111800476072256,10,7.8,2800.0,1000.0,4.136987945962711,-0.0272953098533558,0.0097255723064239,PGi,0.07486004106145325,0.12248443213179303,p1
450,111702,ghost_additional,0.25854647654042784,0.44125942377529753,0.2635981407212602,0.4498810629303446,0.5859285096471671,10,7.4,820.0,1000.0,5.328260109128102,0.0178832251720474,0.0948248687822729,PGi,0.06539915499503057,0.11161627044639363,p1
451,111703,ghost_additional,0.32011304140746694,0.555330554527858,0.32697869353599474,0.5672410546029785,0.5764369325574514,10,7.4,820.0,1000.0,5.890267647103504,0.0562541360988952,0.1241830665378369,PGi,0.06653105196550546,0.11541774686491751,p1
452,111705,ghost_additional,0.37715211820791217,0.6513432512583581,0.38186671722467097,0.659485383050025,0.579037423784273,10,7.2,640.0,1000.0,6.02549032221798,0.0979892354419567,0.104918895874826,PGi,0.05083360131838599,0.0877898374619127,p1
453,111706,ghost_additional,0.38591227903144165,0.628904368440575,0.3878037868581648,0.6319868760460632,0.6136263292117782,10,7.2,640.0,1000.0,6.5308453169601846,0.0962145310137841,0.0699194336197334,PGi,0.032375326176634855,0.05276065356944829,p1
454,111707,ghost_additional,0.44362041314811174,0.6340392799367243,0.44885842733830095,0.6415256503719303,0.6996733912012266,10,7.6,100.0,100.0,5.1782602969894,0.044045021882929,0.002452994051992,PGi,0.04656653953564721,0.0665546812573506,p1
455,111709,ghost_additional,0.31768589364289285,0.5031397569531697,0.3353232012413212,0.5310731050682633,0.6314068591333001,10,6.8,1000.0,1000.0,2.6305821881098246,0.0869026762248605,-0.0582180328911979,TPOJ2,0.10098144616398291,0.15993086660888509,p1
456,111710,ghost_additional,0.27852286883128763,0.48222143496811287,0.29438508008377506,0.5096845237408169,0.5775829289913359,10,6.8,2800.0,1000.0,1.4126089369613437,0.0622655623458468,-0.0720150189506801,TPOJ2,0.10867383166184996,0.1881527763495935,p1
457,111711,ghost_additional,0.267262619557592,0.41047371432092744,0.2835248695903796,0.4354499948992726,0.6511077572890177,10,6.8,2800.0,1000.0,0.4408675761249006,-0.0779589206737677,-0.0423757258455132,TPOJ2,0.11280801015491698,0.17325551553034726,p1
458,111714,ghost_additional,0.20803502546981303,0.3434848251597775,0.22152438526798746,0.3657569900576332,0.6056600182352806,10,5.6,6400.0,10000.0,-0.8435308338137142,-0.1359669489433312,-0.0988580754901912,TPOJ2,0.11831477673503354,0.1953485010943414,p1
459,112819,ghost_additional,0.14868171442342176,0.24141026764456083,0.1517146258055757,0.24633471952721062,0.6158881139319746,10,6.4,28000.0,10000.0,3.657523745864127,-0.0353931012616383,0.064866380645432,PCV,0.061450822413340156,0.09977595122111328,p1
460,112820,ghost_additional,0.10021093864717234,0.15459685102996643,0.10279266079200278,0.15857971077774685,0.6482081489987649,10,5.2,44200.0,10000.0,3.998534563457348,-0.0376574927235878,-0.0004502862373571,PCV,0.07402079295331412,0.11419293797470474,p1
461,112821,ghost_additional,0.11687894752278485,0.18171592907542042,0.11825239855106719,0.18385128308855664,0.6431959383939024,10,5.4,40600.0,1000.0,3.682539705388802,-0.0720304777089803,-0.0032510356108912,PCV,0.05947994178441145,0.09247561782329707,p1
462,112823,ghost_additional,0.1579175304569365,0.2619190938957014,0.16169823910068562,0.2681897072936512,0.60292485022043,10,6.2,22600.0,1000.0,3.135757635920549,-0.1113423909423918,-0.0212671044563915,PCV,0.09227232090716767,0.15304116404131096,p1
463,112933,ghost_additional,0.09845611007435655,0.15981710355508355,0.10054024756750253,0.16320014212235573,0.6160549020363272,10,6.2,44200.0,10000.0,6.332847425562924,0.0800958766579896,-0.056919708092074,31pd,0.06565310213354945,0.10657021300623959,p1
464,112934,ghost_additional,0.16391815800256127,0.28562191053009983,0.1703169354644017,0.2967715663460177,0.573899102132387,10,8.2,4600.0,1000.0,4.662712380177135,0.0038307237178834,-0.0445125011976997,7m,0.08445691972931907,0.14716335923075996,p1
465,113366,ghost_additional,0.1303389352335037,0.21856225958292086,0.13075493545033162,0.21925984044940566,0.596346942432914,10,5.2,28000.0,10000.0,-0.9057806554932256,0.000219698958028,-0.0810386282676292,POS1,0.025778609159862076,0.043227536398012203,p1
466,113834,ghost_additional,0.15294250969596757,0.2408611544092134,0.15355313413805538,0.24182279488656744,0.6349820504311143,10,5.0,10000.0,10000.0,7.792401430146296,0.1079860479001011,-0.0507377082858536,TE1a,0.03223477405301686,0.05076485867770814,p1
467,113943,ghost_additional,0.14715647674708987,0.2559852755072172,0.14888486110380256,0.25899187742862545,0.5748630520076181,10,4.2,64000.0,100000.0,0.5742252809970333,-0.0067560115500476,0.099139397805155,TGd,0.06883859395323322,0.11974781421910025,p1
468,115726,ghost_additional,0.12831053286825406,0.2096823826270551,0.12876673950709652,0.2104279059513249,0.6119280564284196,10,5.4,44200.0,10000.0,2.8100585682701404,-0.1375775560309029,-0.0633673703031917,PGi,0.030645661506286365,0.05008049751003882,p1
469,115728,ghost_additional,0.18175717621057091,0.3030313132902008,0.1821918045633904,0.30375593942763296,0.5997966818581202,10,5.8,4600.0,1000.0,3.1164028561457084,-0.0523807527026097,-0.1017436840048995,PGi,0.023530091609612558,0.03923011300549095,p1
470,115731,ghost_additional,0.2104514522466782,0.3497213025865936,0.21055290642342364,0.34988989580115926,0.601769039203921,10,4.8,4600.0,1000.0,4.324650084763047,0.0090605178022504,-0.0678663896101721,PGi,0.010693232599695013,0.017769662284123272,p1
471,115781,ghost_additional,0.1229047778072622,0.2099972135007531,0.12717698952268072,0.21729678778687292,0.585268612656241,10,6.0,44200.0,10000.0,2.610519527492136,-0.0658590915255931,-0.0267842072140653,PGs,0.09965078905994171,0.17026504908178264,p1
472,115946,ghost_additional,0.21174748667757415,0.3323570652147778,0.2208231832552193,0.3466022018473507,0.6371084259657227,10,4.6,4600.0,1000.0,4.086623565167048,0.0482847373675713,-0.1143243860002667,PHT,0.0870023781237508,0.1365581972830974,p1
473,115947,ghost_additional,0.15266254946273372,0.26518781466299274,0.15914474217372263,0.276447933960759,0.5756770900531047,10,4.8,4600.0,1000.0,4.313685463383334,0.1045919893897045,-0.0935138361612183,PHT,0.08269878036559089,0.14365480543608594,p1
474,115948,ghost_additional,0.29232004918696813,0.4555025879974525,0.3010321535297348,0.46907807173889055,0.6417527735069707,10,4.8,2800.0,1000.0,3.0614581707307464,-0.0331270455914233,-0.120142411283705,PHT,0.07592856355371291,0.11831435201875007,p1
475,116527,ghost_additional,0.06184361539561968,0.1058250423745658,0.06335816692454958,0.10841670003723898,0.5843949032094439,10,4.8,46000.0,10000.0,-0.1099540258124895,0.0482183709992766,-0.0072179307309576,Unknown,0.07617631390095612,0.1303507499511079,p1
476,116601,ghost_additional,0.1332576238886198,0.22372327586010646,0.13585826329697873,0.22808943181269384,0.5956359407679397,10,6.2,46000.0,10000.0,3.899678695197806,0.0180566807260678,0.079581199996574,TE1a,0.06959174291026787,0.11683603716146619,p1
477,116603,ghost_additional,0.1452838572710235,0.25177269361800936,0.14919556377437912,0.2585515670695567,0.5770437420487259,10,6.4,26200.0,10000.0,4.532892635569002,0.0823919713013788,-0.0022460117937674,TE1a,0.0791173262394331,0.13710802227667584,p1
478,116605,ghost_additional,0.12040077061884688,0.19857220412606205,0.1253041557171853,0.20665916222152406,0.6063324479311887,10,6.6,28000.0,10000.0,3.91902327514724,0.0857457093167095,0.0227200155268637,TE1a,0.09231679960843966,0.15225442729219812,p1
479,117175,ghost_additional,0.08771538168398757,0.15092180348627146,0.08813593877031861,0.15164540786123365,0.5811975450715215,10,4.0,64000.0,100000.0,1.5242558383609204,-0.0864395961765889,0.0390115072120681,9m,0.03343726177695619,0.05753166382153496,p1
480,117770,ghost_additional,0.254383780307669,0.4006016460441236,0.2673162857465619,0.4209676574306558,0.6350043311595637,10,4.0,2800.0,1000.0,0.0968524648469189,-0.1003815650704187,-0.130776625691781,PGp,0.10763498939361488,0.16950276417338073,p1
481,118213,ghost_additional,0.20426077557393324,0.35845334645856514,0.2067758736373695,0.3628670441691364,0.5698392206181968,10,5.6,2800.0,1000.0,3.412980105316584,-0.0146771460442538,0.1052805102778174,TE1a,0.0514836399751008,0.09034765967714221,p1
482,118774,ghost_additional,-0.004637805449622577,-0.007984807033227832,-0.004623507820506675,-0.007960191121507683,0.5808287451810541,10,7.2,100000.0,100000.0,-0.8530979131805085,-0.1213960196088796,0.0823055367743306,9a,0.038553031234747806,0.0663759009081587,p1
483,119138,ghost_additional,0.08160651013366185,0.1423835121643852,0.08202488403445854,0.14311347286599807,0.573145786988631,10,4.0,82000.0,100000.0,-0.0956719367109698,0.1119623404664984,0.032294337881167,V2,0.037269894106495116,0.06502690057675398,p1
484,119822,ghost_additional,0.007613868109868599,0.01216254091571941,0.007862153834469926,0.012559157358331362,0.6260096605330303,10,4.4,82000.0,100000.0,2.7836131844937606,0.0809753512033069,-0.0309422020297415,10v,0.06123927515894687,0.09782480849704984,p1
485,119823,ghost_additional,-0.013757577215811728,-0.023755733306641935,-0.013231540870220986,-0.022847406285144867,0.5791266065428174,10,5.4,82000.0,100000.0,2.072528481972686,0.0810668679881947,-0.0739581491759514,10r,0.06389414623298961,0.11032845928874731,p1
486,120150,ghost_additional,0.4214113409498119,0.601127846231998,0.4308572952236715,0.6146021541029089,0.7010344697742937,10,8.0,820.0,1000.0,7.548634606005778,0.1136178324762285,-0.0941804373592293,PGi,0.06472524273524999,0.09232818859262233,p1
487,120152,ghost_additional,0.4124627135663668,0.6176961394364071,0.414915839533844,0.621369893183891,0.6677437128596958,10,8.2,640.0,1000.0,6.321508836305646,0.1199844889130974,-0.1017775772630672,TPOJ3,0.034102565447033106,0.051071338883872996,p1
488,120153,ghost_additional,0.41403041455356027,0.5950599450781967,0.4235385383014944,0.6087253749508866,0.6957793378264648,10,8.4,460.0,100.0,6.755736154227426,0.1064699377994441,-0.1366078253780567,TPOJ3,0.06542653674009852,0.09403345742413614,p1
489,120155,ghost_additional,0.26446450140507827,0.43052179205903907,0.26720183254816926,0.4349778937396857,0.6142883038283258,10,7.4,640.0,1000.0,7.567163155308578,0.0417128441468847,-0.1186947991296975,TPOJ3,0.04838236081335118,0.07876165069695437,p1
490,121462,ghost_additional,0.07007208142200903,0.11606885918317571,0.0684506724379623,0.11338312347747785,0.6037112961662162,10,3.0,28000.0,10000.0,-0.067241409990094,0.0445239698614841,-0.0445818239278819,6a,0.11379900159108772,0.18849904302561885,p1
491,121464,ghost_additional,-0.03923976298649787,-0.06790865631253087,-0.0423929509802913,-0.07336558936875237,0.577831533080373,10,3.0,64000.0,100000.0,0.2175655587096774,0.0668505853280463,0.0153942435567612,6a,0.10627586269954536,0.1839218814054632,p1
492,121573,ghost_additional,0.3033974959287039,0.5026441279328948,0.3045477940686295,0.5045498477004092,0.6036029848322605,10,7.6,1000.0,1000.0,2.8515338671049,-0.0486282237402536,0.0184119631038948,9m,0.028403830668350283,0.047057140839427136,p1
493,122103,ghost_additional,0.28724057126137154,0.4042188161466096,0.2923895649791698,0.4114647289917726,0.7106066313280919,10,6.0,280.0,100.0,8.498417351750728,0.1211464906977224,0.1080905521599436,PFm,0.06796708908151916,0.09564657306179612,p1
494,122113,ghost_additional,0.4474233473095916,0.5777009582102914,0.4525926177776515,0.5843753808138575,0.7744895364129257,10,5.8,100.0,100.0,10.97339946305533,0.082004505209617,-0.1063327096019984,PFm,0.04778279888733772,0.06169586113279897,p1
495,122115,ghost_additional,0.4312692514572422,0.5510645570591757,0.4371950661777708,0.5586364079461769,0.782611122295297,10,5.6,100.0,100.0,9.726445703030471,0.0913328287917408,-0.1382947711655748,PFm,0.053239741263938045,0.06802834734547701,p1
496,122330,ghost_additional,0.27737890902872314,0.41939997602379375,0.2789406281465187,0.42176131258991145,0.6613708271003493,10,7.2,820.0,1000.0,4.347919850109236,-0.0386507159617892,0.1225438079906603,PCV,0.035288083034516415,0.05335597154962231,p1
497,122600,ghost_additional,0.1508363977570084,0.26279638686895007,0.15276995970708895,0.26616515662097656,0.5739667868121289,10,4.2,64000.0,100000.0,0.7764110162579786,0.0220414454408687,0.1185008818643911,PI,0.051976220202558515,0.09055614609904493,p1
498,122661,ghost_additional,-0.025785058574752228,-0.0442887519273239,-0.026150549131495598,-0.04491652326057332,0.5822033237031492,10,4.8,82000.0,100000.0,0.7953508412570465,-0.1029945833770796,0.0512192077459588,TGd,0.07118697897666983,0.12227168083459151,p1
499,124150,ghost_additional,-0.002833021729333185,-0.004966776787052882,-0.0029192209919746757,-0.005117898994241036,0.5703944128751968,10,5.4,82000.0,100000.0,1.5545267080465417,0.0129360222421664,-0.1394317815560526,8Ad,0.09873616364176932,0.1731015616791691,p1
500,124701,ghost_additional,0.22821960952287634,0.356181117223676,0.22910088433930903,0.35755651809021116,0.6407403382351629,10,5.8,1000.0,1000.0,2.803187979626752,0.0715639733871401,0.1376905112458985,47s,0.029428838502641108,0.04592942998360158,p1
501,125596,ghost_additional,0.12249109245029713,0.2104298720253089,0.12585290054797965,0.21620518869215985,0.5820993534395384,10,4.8,82000.0,100000.0,1.2556202220285482,-0.035220040769098,0.072194993185938,PSL,0.07383521419775019,0.1268429757935117,p1
502,125881,ghost_additional,0.06741827419999191,0.11326329176773296,0.067772118280465,0.11385775292537134,0.5952349887397356,10,4.2,44200.0,10000.0,-2.4843763217612733,0.0500119084099177,-0.0584297148930867,FST,0.034095444688213364,0.05728064601914972,p1
503,125882,ghost_additional,0.05447692047548143,0.08437714294837452,0.05494526613412012,0.08510254497630289,0.645635993017833,10,4.2,44020.0,10000.0,-2.8538748461277605,0.0963749604889919,-0.0735199899679553,FST,0.04135292564401765,0.06404990751944563,p1
504,125918,ghost_additional,0.055315832295666,0.08523851533812274,0.055731778480310634,0.08587946447995538,0.6489534933385461,10,6.2,20440.0,1000.0,5.28296321130776,-0.0161521635313578,-0.0204633585179882,PGi,0.03739208494748694,0.057619051798493415,p1
505,125919,ghost_additional,0.05177758809841363,0.0775884065124268,0.05204723042120428,0.07799246392263044,0.667336660537303,10,6.8,20620.0,1000.0,4.843595576566359,-0.0249884973091426,-0.0080434164433434,PGi,0.03872771301164313,0.05803324663815366,p1
506,125920,ghost_additional,0.1680740111024058,0.2669079469013334,0.17068700490429262,0.2710574808260196,0.6297077814791964,10,6.6,640.0,1000.0,5.455043713235807,0.0185588148653839,-0.021120132999051,PGi,0.057057103195566616,0.09060885838434189,p1
507,125921,ghost_additional,0.309579899697687,0.5119748665073288,0.3143317790641554,0.5198333961039929,0.6046779245427186,10,6.8,280.0,100.0,8.837038403606652,0.0688103797996528,0.0430349283749902,PGi,0.05436195901362295,0.0899023377688769,p1
508,125922,ghost_additional,0.24760812220034323,0.3990565997682231,0.2510559419493561,0.40461326411924775,0.6204837167062442,10,6.6,460.0,100.0,7.428276714479047,0.0548360635232455,-0.005614607193411,PGi,0.05225269301254987,0.08421283525364111,p1
509,125923,ghost_additional,0.23481699260754407,0.36272715697741614,0.23808192922665447,0.3677705789393893,0.6473653491077429,10,6.6,820.0,1000.0,9.158165484692354,0.1204310900948976,-0.0694903299675734,PGi,0.05372956369036844,0.08299728084677895,p1
510,125936,ghost_additional,-0.047473634912363095,-0.07886470805941255,-0.04788704063745838,-0.07955147076211934,0.6019629829428765,10,6.6,100000.0,100000.0,3.53150061493552,0.1025181879873909,0.0898635837176566,PGi,0.048629897986718046,0.08078552895225585,p1
511,125937,ghost_additional,0.014160702412819392,0.024558895251031408,0.014182137271124967,0.02459606970922571,0.5766017676314117,10,5.4,100000.0,100000.0,3.6189656629609086,0.121070701111154,0.0812197707603189,PGi,0.04776047100186775,0.08283094794880731,p1
512,125986,ghost_additional,0.06432278949113585,0.1076540380689256,0.06488983349938506,0.10860307304912074,0.5974953717012744,10,3.4,22420.0,1000.0,-2.051258580058667,0.0401803171786752,-0.0482908486575966,PHT,0.04542326945596044,0.07602279717518949,p1
513,125987,ghost_additional,0.05737416573218668,0.10069869894533157,0.05813522177269827,0.1020344456551266,0.5697607450055994,10,4.0,20620.0,1000.0,-4.248542300530861,-0.0608626798539533,0.0242137258437166,PHT,0.0545226074725305,0.09569386439916053,p1
514,126848,ghost_additional,0.09439417507468847,0.16315324975440113,0.10105426614875924,0.17466471750688853,0.5785614152141162,10,4.8,64000.0,100000.0,1.509467355475962,-0.0217060747677273,0.1383118046694454,d23ab,0.10381897484199214,0.17944330906265227,p1
515,126918,ghost_additional,-0.03904528027178912,-0.06717995937542832,-0.040424503528715544,-0.0695530032292564,0.5812042852480539,10,4.0,64000.0,100000.0,0.2534197805781397,-0.1284813174278712,-0.1005573294307125,POS1,0.09772293061348733,0.1681386959694901,p1
516,129449,ghost_additional,0.03807698061329639,0.06663278703068694,0.03813571637041062,0.0667355716299866,0.5714451144863637,10,8.6,100000.0,100000.0,2.6636832808616933,0.0681682856954093,0.0412961952476229,2,0.02420027138072512,0.04234924889064321,p1
517,130078,ghost_additional,0.2606808984624406,0.38940024038726023,0.26441622062626535,0.39497999462739225,0.6694420583900829,10,5.4,8200.0,10000.0,7.107357436589048,0.075522201328106,-0.1044238647555161,PGi,0.05612645752942019,0.0838406503236392,p1
518,130094,ghost_additional,0.4502694913545648,0.6698914942895047,0.4761046921310519,0.7083279897344117,0.6721528713125792,10,8.6,100.0,100.0,10.6282953448821,0.116478869198469,-0.0271957979289068,PGi,0.09706897867451747,0.14441503237940695,p1
519,130095,ghost_additional,0.39885695283537603,0.6564484916299826,0.4259444186534193,0.7010297028936417,0.6075982471145626,10,7.8,460.0,100.0,7.888172055730302,0.0342530931579833,-0.0475237900711467,PGi,0.1091398892261028,0.17962508901959437,p1
520,130665,ghost_additional,0.14042671155747505,0.2425767276459666,0.150011538404971,0.25913380504193734,0.5788960586624105,10,4.4,4600.0,1000.0,0.0295576707530402,0.0366044118606242,-0.0127255478511524,FST,0.10272581782525153,0.17745123029963003,p1
521,130666,ghost_additional,0.3065684193630884,0.4701668858353595,0.32544309394107196,0.4991139214952069,0.6520417081658125,10,4.4,1000.0,1000.0,0.6975098632969612,0.0219751771109308,-0.1134782089515814,FST,0.10560614929510193,0.16196226096053132,p1
522,131391,ghost_additional,0.1342848864479848,0.22182588994746572,0.1355567998108435,0.2239269701294227,0.6053616486325697,10,4.8,28000.0,10000.0,1.4405985244885142,0.1076941271073712,0.0973683553600046,9p,0.048616740503335115,0.08031024200682976,p1
523,131853,ghost_additional,-0.03676560235451026,-0.06061877362467321,-0.037523676366681434,-0.0618686788075517,0.606505215399901,10,5.4,100000.0,100000.0,3.920207378840896,0.0849187880256714,0.1338935804721941,PFm,0.0659332575449874,0.10871012461370858,p1
524,131859,ghost_additional,0.15644168127434982,0.24297941986955504,0.15840041395870294,0.24602165086225974,0.6438474557159469,10,4.4,4600.0,1000.0,7.290575209635742,0.0969370209586859,0.0435094384684554,PFm,0.05504157883647587,0.08548853978970937,p1
525,132371,ghost_additional,0.05394592712453594,0.09366193707274838,0.05496980924736092,0.09543962054339407,0.5759642477032637,10,5.2,24220.0,10000.0,1.283297856423308,0.1203598178588119,-0.0139988425517902,TGd,0.06736513854611265,0.11696062527273239,p1
526,132769,ghost_additional,0.2100903367064526,0.34986358286705943,0.2142782656375918,0.3568377438094935,0.6004921546415489,10,5.6,8200.0,10000.0,5.014826762918713,0.0587102478777736,0.1052847001299208,8C,0.06592109091546136,0.10977843824589442,p1
527,132770,ghost_additional,0.3329415648077233,0.5712150244671677,0.33878340191129164,0.5812376394746244,0.5828655594594924,10,5.0,1000.0,1000.0,4.679585679844204,0.0464076608243876,-0.0513561938180943,8C,0.06092231089778294,0.10452206329411179,p1
528,133928,ghost_additional,0.10162976422702433,0.16944785122823444,0.10308552176429121,0.17187504358153113,0.5997701563659024,10,4.4,64000.0,100000.0,1.2231953584156336,-0.0545441683724729,0.123482743152891,a24,0.0668264387797212,0.11142007995968431,p1
529,133991,ghost_additional,0.07708383598078254,0.13376420693211183,0.07966152841819976,0.13823729756413458,0.576266534588765,10,4.6,28000.0,10000.0,-0.5894721413630278,-0.0244209510554137,0.091309431092104,Unknown,0.07335932433621212,0.1273010316112886,p1
530,133993,ghost_additional,-0.009189508783985011,-0.015665563777487727,-0.009305424407855492,-0.01586316776712806,0.5866056858541432,10,5.4,64000.0,100000.0,-1.2788072214167203,-0.0591626290915781,0.0719230301714268,p24,0.04629185379337665,0.0789147717277444,p1
531,135315,ghost_additional,0.42536861740255105,0.7402431933891231,0.42665416881345514,0.742480360501931,0.5746336085240406,10,7.8,100.0,100.0,4.331179727312498,0.1218048907565554,0.1224015466716745,TPOJ1,0.024323083982374316,0.04232798712356681,p1
532,135318,ghost_additional,0.28952123802289587,0.49518783245821446,0.2908089999379268,0.4973903791030861,0.5846695315303948,10,7.6,1000.0,1000.0,3.1907246184887166,0.1377297164929816,0.0718143942291216,TPOJ1,0.03188295217101261,0.05453157801392142,p1
533,136102,ghost_additional,0.10687651403559122,0.18128092451803832,0.1081677742730769,0.1834711236628835,0.5895629356466378,10,5.6,28000.0,10000.0,3.74495441368987,-0.1307326306499592,-0.051220819034516,31pd,0.05284335207824721,0.08963140130287899,p1
534,136202,ghost_additional,0.0009379403136749842,0.0015872303914327825,0.0011784395555872408,0.0019942154632056493,0.5909289027841205,10,5.2,46000.0,10000.0,0.4583982299882383,-0.1381011885438936,-0.1257875517055485,POS1,0.07684828172552971,0.13004657813057438,p1
535,136211,ghost_additional,-0.005864539747281653,-0.01000697646829927,-0.006166485896652999,-0.010522203262158617,0.5860451222064638,10,4.2,64000.0,100000.0,0.2872222093417041,-0.1348231856547673,-0.1236578200586094,POS1,0.09212019449690119,0.157189593439611,p1
536,136212,ghost_additional,-0.038752095631066526,-0.0678508964687582,-0.039811698161042956,-0.06970615049795782,0.571136088804808,10,3.0,64000.0,100000.0,0.1930229408074996,-0.1387259892160472,-0.1349137065373486,POS1,0.08808697371013328,0.15423114637085727,p1
537,136783,ghost_additional,0.2295580569611806,0.39685971706212586,0.23245505480167353,0.4018680437509253,0.578436276325936,10,6.6,1000.0,1000.0,7.043820633404912,0.0370611104380817,-0.1126104282498119,STSva,0.05525292951727476,0.09552120394008788,p1
538,136784,ghost_additional,0.26822154778471746,0.4460254341453675,0.27139910099382286,0.45130938527202635,0.6013593110416644,10,6.6,1000.0,1000.0,7.10148350871011,0.0296285293787774,-0.1321115032199378,STSva,0.051867325784232865,0.0862501416904798,p1
539,136787,ghost_additional,0.3199202307270719,0.4906417697521072,0.32255892277826426,0.49468856771447905,0.6520444251795133,10,6.6,1000.0,1000.0,6.814212063288505,-0.035510979986809,-0.1161213689196739,STSva,0.04308065479695783,0.0660701221164453,p1
540,136788,ghost_additional,0.31361577170080496,0.5065822898379267,0.31739300768052053,0.512683643865772,0.6190815944259352,10,6.6,1000.0,1000.0,6.834358557483895,-0.0572610661175293,-0.0952214748181053,STSva,0.0528134972554023,0.08530942888776306,p1
541,138211,ghost_additional,0.05208903677799803,0.08371247318855582,0.052417266081424295,0.0842399716500819,0.6222374610850588,10,6.4,44200.0,10000.0,1.2609601570410525,-0.0146713795755959,-0.0468944800386223,9a,0.03571802398836602,0.05740256127633471,p1
542,138212,ghost_additional,0.10308831870726194,0.17517723879741856,0.10649658278912306,0.18096887744707277,0.5884800982990552,10,7.4,28000.0,10000.0,1.2163395515572284,0.0277851057050709,-0.0213675939302533,9a,0.08537016771585391,0.14506891220724052,p1
543,138214,ghost_additional,0.09968361110265948,0.1684815067184589,0.10017890033380702,0.16931862603027062,0.5916590671831765,10,6.6,46000.0,10000.0,1.0099253549587262,-0.0289727200824561,-0.0330737899241855,9a,0.032815504716805916,0.0554635372580985,p1
544,138220,ghost_additional,0.15464208986381117,0.26836217359334735,0.1563692058156727,0.27135936919059706,0.5762439906979674,10,6.8,8200.0,10000.0,1.7762375212810473,0.0627364524952516,0.1011495350752433,9a,0.05594283743489295,0.09708185827175912,p1
545,139501,ghost_additional,0.29646990533828427,0.5145569561178046,0.29842318960156283,0.5179471012450093,0.5761653823030027,10,4.8,820.0,1000.0,3.937502900989144,0.0197860146018104,-0.0681897126415999,55b,0.03872408385514359,0.06721001477103455,p1
546,139512,ghost_additional,0.05622247682485023,0.09039015159462538,0.05796313881605367,0.09318865337088185,0.6219978153924596,10,6.0,82000.0,100000.0,6.126444538861214,0.1351547997140429,0.0920241955846061,8Av,0.0743512421547679,0.11953617892991278,p1
547,139513,ghost_additional,0.07064363433831343,0.11188350987940743,0.07135404985735151,0.1130086470908104,0.6314034518085462,10,5.2,64000.0,100000.0,4.069210661778127,0.1015431950126232,0.0439328139681379,8Av,0.07435873576805048,0.11776738875130112,p1
548,139515,ghost_additional,0.03101083569990351,0.05096709644061369,0.0316717834402954,0.052053380846256575,0.6084481531341893,10,5.2,64000.0,100000.0,4.356071999539467,0.0392518999191507,0.0283490141590928,8Av,0.05926029043577138,0.09739579310170395,p1
549,139516,ghost_additional,0.11954192442469494,0.1986987317652114,0.12055557923137748,0.20038359609632236,0.6016239930808889,10,5.4,10000.0,10000.0,3.189642352941359,0.0200566412488706,-0.0654223062537419,8Av,0.043871365039602386,0.07292156819567508,p1
550,139778,ghost_additional,0.07819683383109119,0.13652512029112496,0.07887800441100082,0.13771438705302244,0.5727651707198276,10,6.2,82000.0,100000.0,1.0093534746347728,-0.1311132744703299,-0.047202045761868,3a,0.05923972942577288,0.10342760428557979,p1
551,139779,ghost_additional,0.0628587595317871,0.10976025514398129,0.06320955843588093,0.11037279948154648,0.5726914487336991,10,6.6,82000.0,100000.0,0.5754175919677675,-0.1320436401000043,-0.0221316251315439,3a,0.04475986686187132,0.07815703719837556,p1
552,140239,ghost_additional,-0.20295290191440643,-0.34923015771222227,-0.2045810012480958,-0.352031701231493,0.5811436882883598,10,4.0,100000.0,100000.0,0.4967774310794705,0.0287360836095309,-0.0436623349513643,4,0.0448034405801524,0.07709528896736673,p1
553,141089,ghost_additional,0.02469659109906792,0.04115202229091432,0.024868769917160055,0.04143892450068602,0.6001306794713833,10,4.8,100000.0,100000.0,3.5331846132838804,0.028360421404401,0.0094418728740274,10r,0.03983687836895303,0.06638033970208419,p1
554,141090,ghost_additional,-0.05094507074311995,-0.08761115507284528,-0.051478498917106055,-0.08852850110435773,0.5814906868966754,10,6.6,100000.0,100000.0,2.825560219719491,0.0029053968287399,-0.0304294985111242,10r,0.051788246418318556,0.08906117945706801,p1
555,141096,ghost_additional,-0.15660088417672183,-0.2727582764523476,-0.1574179081415265,-0.2741813210898792,0.5741379737897004,10,5.2,62200.0,100000.0,3.048233662533673,0.0914458788387917,-0.0746372016507726,10r,0.03573135127561573,0.06223478137104319,p1
556,141097,ghost_additional,-0.09884634086763035,-0.1606417927679941,-0.0990173714321679,-0.16091974596549513,0.615321450068654,10,5.0,80200.0,100000.0,2.72927101420519,0.0421025536348454,-0.0395319833845498,10r,0.019979549820602516,0.032470101307817745,p1
557,141104,ghost_additional,0.036763976469039054,0.05882513402785907,0.03714395340707526,0.05943312577560429,0.6249705517309652,10,6.4,100000.0,100000.0,3.447640150639938,-0.0045885589549337,-0.0286149976876739,10r,0.04981215413531374,0.07970320201063917,p1
558,141466,ghost_additional,-0.07241638315126306,-0.12204523153030596,-0.07269903564910041,-0.1225215932048337,0.5933569238490142,10,7.2,100000.0,100000.0,0.1862490972829547,-0.0240106736767449,0.0111044553390822,MBelt,0.02765096181996962,0.04660089182174218,p1
559,141694,ghost_additional,0.23224428856590987,0.3780518694007812,0.23613779136096394,0.3843897906442982,0.6143185826167745,10,5.0,640.0,1000.0,0.4548532298331734,-0.0834472026692116,0.1289779864343259,PF,0.061725818690833406,0.10047851462982577,p1
560,142023,ghost_additional,0.2772447114988522,0.4398606327173632,0.2780512962207361,0.44114031399312115,0.6303012610746608,10,7.2,1000.0,1000.0,5.553964134003087,0.0726981862509287,0.0172873427110724,TPOJ1,0.02597686866437493,0.041213416930317555,p1
561,142024,ghost_additional,0.3038187537636181,0.48353049030226,0.3056369982242141,0.4864242439781946,0.6283342206066422,10,7.8,1000.0,1000.0,6.066474329914117,0.1100169692548383,0.1098637456336816,TPOJ1,0.036904076034281974,0.05873319457064098,p1
562,142744,ghost_additional,0.22080826743739723,0.37681360797034835,0.22237480697576953,0.37948693819630847,0.5859880396218937,10,8.0,6400.0,10000.0,0.7628284860120521,0.0836782637717315,-0.1355308922389404,7m,0.041600964818795466,0.07099285651911652,p1
563,142800,ghost_additional,0.1692013089490268,0.28200363108731713,0.17329869402733197,0.28883264131910646,0.59999691598523,10,9.0,22600.0,1000.0,3.0176795545073265,-0.0949476355661923,-0.0436136552646741,7m,0.07026158734256818,0.11710324748452174,p1
564,142801,ghost_additional,0.21245274023390395,0.36679113448228207,0.2183740767567673,0.3770140844827444,0.5792199436166212,10,8.2,10000.0,10000.0,2.191717388879994,-0.1026501226405153,0.0121720390583014,7m,0.07427213316534736,0.12822785883648233,p1
565,142985,ghost_additional,-0.1003247004681053,-0.17358814815461693,-0.10171649299367369,-0.1759963156946303,0.5779467177606212,10,6.8,82000.0,100000.0,-0.6861376229984182,0.0430882065594168,-0.1330328536597612,Unknown,0.0847729987736313,0.14667960932817908,p1
566,144524,ghost_additional,0.14691595769818605,0.24226856729876897,0.15091968052421473,0.24887081941705824,0.6064177426574998,10,5.0,24400.0,10000.0,4.023484542698001,0.0863526750144123,0.0701477413757908,55b,0.06834659017167635,0.11270545923040051,p1
567,144781,ghost_additional,-0.2094048404690358,-0.35088517585033224,-0.21049899724775747,-0.35271857852072735,0.5967902176589986,10,5.4,100000.0,100000.0,-0.3203009440954891,-0.074630372995843,0.004077828129836,3a,0.035071611897277505,0.05876706899595522,p1
568,145607,ghost_additional,0.1909068286881887,0.31875783010264924,0.19303668753594444,0.32231406321070855,0.5989086719115612,10,6.8,640.0,1000.0,0.4239531431954381,-0.104029194347994,0.0970210323192917,9m,0.05398390560314004,0.09013712463176966,p1
569,145610,ghost_additional,0.19754945396592152,0.3428474553224755,0.19863395022061844,0.34472960064743163,0.576202188171735,10,5.4,4600.0,1000.0,2.198667951488815,0.0154312813192082,0.0493548380461863,9m,0.035947632751962805,0.062387185418408625,p1
570,145630,ghost_additional,0.17010051184301206,0.28760475135103375,0.17777239115619187,0.30057631103862953,0.5914384621393031,10,6.2,2800.0,1000.0,1.3030304387754907,0.0444254846192691,0.0304718540884892,9m,0.09021209754991799,0.1525299812656927,p1
571,145631,ghost_additional,0.17835290480581695,0.29764079290674794,0.18519407392352324,0.3090575455681088,0.5992219784930342,10,6.0,20440.0,1000.0,1.4242840248229074,0.0861364891310859,0.0563664493308855,9m,0.0842754751250068,0.14064149538865167,p1
572,145633,ghost_additional,0.207702249284128,0.3595518317536367,0.21810103500115405,0.37755309300842266,0.5776698404541704,10,6.2,2260.0,100.0,2.12503652099471,0.1146078680425757,0.0600440026754789,9m,0.0962654837957728,0.1666444689584068,p1
573,145634,ghost_additional,0.19631478859210763,0.3374973621578473,0.20340610008437124,0.3496884912115594,0.5816779939758205,10,5.6,2260.0,100.0,1.841472485367538,0.096926489779329,0.0617961154640215,9m,0.08199073572653456,0.14095553996485347,p1
574,145635,ghost_additional,0.196315446833876,0.3349418301232785,0.20215157615993243,0.34489908956888704,0.5861180335750248,10,5.4,2260.0,100.0,2.0270498407879147,0.1022432899854258,0.0600830307122288,9m,0.07807584534487702,0.13320839979731333,p1
575,145636,ghost_additional,0.22886077296428836,0.38559690135758373,0.23369085271018644,0.3937348786929087,0.5935233715793117,10,5.4,2620.0,1000.0,2.170927304334659,0.077041651158926,0.0617584150702808,9m,0.06627358257472213,0.11166128538186147,p1
576,145637,ghost_additional,0.18870879064908866,0.3313380115037927,0.19133279489640975,0.3359452815016256,0.5695355923476005,10,5.6,4600.0,1000.0,1.7430926641688995,0.0343514811334118,0.0501144376654658,9m,0.05520478766277337,0.09692947798964008,p1
577,145638,ghost_additional,0.20426982669466795,0.35493942878652773,0.21165140569061722,0.36776566687934764,0.5755061571858294,10,5.6,4600.0,1000.0,1.2563955538142924,0.0548698417594603,0.0429956311987271,9m,0.08361313072589574,0.1452862487775214,p1
578,145639,ghost_additional,0.09588290932225838,0.16474147752104878,0.09845027562950313,0.1691526048197808,0.5820204526817331,10,6.6,24400.0,10000.0,2.670360607031382,0.0400624671068228,0.0387932361002834,9m,0.06870739279933404,0.11804979100434702,p1
579,145640,ghost_additional,0.10876236179571563,0.17333479635318283,0.11067340541434861,0.17638043044009216,0.6274698680471753,10,5.6,28000.0,10000.0,2.9230140407463514,0.0212057248277364,0.0755118313780799,9m,0.06287732909057223,0.10020772676504826,p1
580,145642,ghost_additional,0.12343931647407787,0.1979994607381531,0.12629945672200846,0.20258719050612106,0.6234325892297341,10,5.0,8200.0,10000.0,2.6686875127830363,0.0141812276557453,0.0720796669536218,9m,0.07556597836190382,0.12120954160459817,p1
581,145643,ghost_additional,0.10143320920368479,0.1581635070105769,0.10350391941652515,0.16139233898618546,0.6413186652272551,10,3.8,82000.0,100000.0,2.538329431029548,0.0281513268911335,0.0534496045159015,9m,0.07102098461772413,0.11074211381725092,p1
582,145646,ghost_additional,0.17143233813514894,0.2987266422192056,0.17232131474061554,0.30027571399441005,0.5738769627697013,10,5.2,10000.0,10000.0,0.8620602318949713,-0.0660476414489483,0.0326195198366988,9m,0.03643286906503593,0.06348550548047797,p1
583,145651,ghost_additional,0.08016642442426145,0.13899058806902437,0.08190831808638986,0.14201064074309203,0.576775920859115,10,6.4,64000.0,100000.0,2.4743916908098145,0.0780992693157679,-0.0327587956099224,9m,0.06703177035267195,0.11621804574093053,p1
584,145653,ghost_additional,0.16328613547268084,0.2723561891869986,0.1647534466583413,0.2748036185521501,0.5995315764995128,10,5.0,10000.0,10000.0,1.196956393726307,-0.0350377062602567,0.0133750463326491,9m,0.04823279845896705,0.08045080584509672,p1
585,147019,ghost_additional,0.32153851976030107,0.537522174830704,0.3255441982728057,0.5442185452292465,0.5981865210706362,10,8.0,100.0,100.0,3.6740495061334895,0.1191783507574791,0.0009824981814626,PGi,0.050111954672536485,0.08377312578499085,p1
586,147021,ghost_additional,0.4077283622304246,0.6425481335774158,0.42496132958293464,0.6697059475390996,0.6345491348023664,10,8.8,100.0,100.0,6.829824066980723,0.1049368426603706,-0.0171810791014009,PGi,0.08688893335763703,0.13693018962936424,p1
587,147603,ghost_additional,0.3124063154851706,0.46567116113770773,0.3149338760325889,0.4694387291945001,0.6708732289152564,10,6.8,820.0,1000.0,6.9865985127673245,0.0599614094708339,0.0960662756053043,PCV,0.042091108274539935,0.0627407779299788,p1
588,147670,ghost_additional,0.1468797277033454,0.2270126760361365,0.14817973981674587,0.22902193376936497,0.647011128488546,10,6.6,6400.0,10000.0,1.701917663128292,-0.1218678605602095,-0.1204408433639289,PCV,0.04685420678810179,0.07241638470354571,p1
589,147671,ghost_additional,0.10297618945802904,0.16816621803101328,0.10597865307292403,0.17306941898989522,0.6123476561686018,10,6.0,10000.0,10000.0,1.6952389701625772,-0.0455251143341905,-0.1177591223182212,PCV,0.07985551889963116,0.13040879326505336,p1
590,147673,ghost_additional,-0.006711894561976868,-0.011781318220730757,-0.005729557070120683,-0.010057031510794193,0.5697065842909174,10,6.6,64000.0,100000.0,2.366228070088878,-0.1082641947046892,-0.0682825175455478,PCV,0.08258169881132285,0.14495479091944807,p1
591,147692,ghost_additional,0.17138214582843328,0.28918567001184453,0.1752407242207572,0.29569653246069305,0.5926370619312283,10,7.2,22600.0,1000.0,1.113034618303756,-0.1286317783579247,-0.0813366953790803,PCV,0.07317701141225899,0.12347694080049065,p1
592,149308,ghost_additional,0.1921407504471,0.33730777914240445,0.19515806647711403,0.34260475111054,0.5696303563932396,10,7.6,20800.0,1000.0,-3.761946144906071,-0.0325625560784515,-0.0584720458583662,6r,0.05800395582704848,0.1018273608069545,p1
593,149526,ghost_additional,0.09113529163334536,0.15666501822470488,0.09312529581001977,0.16008591077926235,0.5817207482951291,10,5.6,6400.0,10000.0,0.9772861003000504,0.1090271261943639,-0.0589399964316604,PEF,0.1103746427646092,0.18973819154308716,p1
594,149621,ghost_additional,0.12229420471193389,0.19580818298802347,0.12331256016425601,0.19743869631631106,0.6245612560503356,10,6.8,24400.0,10000.0,6.570575030008039,0.118665843868113,0.0717578282252743,8C,0.045975787404975765,0.07361293541601052,p1
595,150955,ghost_additional,0.11995075853355419,0.20409447826242458,0.1211186475510587,0.20608162450985176,0.587721723560407,10,3.8,64000.0,100000.0,-2.524772806004961,0.1375252332193358,-0.1314947186373516,LIPd,0.05319660328497705,0.0905132499828542,p1
596,152007,ghost_additional,0.3032665281082154,0.5255608872267575,0.32177410316754906,0.557634514439347,0.5770340515795815,10,7.2,1000.0,1000.0,0.7715027585965969,0.0039839470976447,-0.0817754702079296,7Am,0.10530406987234042,0.1824919510106544,p1
597,152235,ghost_additional,0.18121368350170128,0.3167707968429917,0.1837532342733291,0.3212100616159757,0.5720656238129184,10,5.4,8200.0,10000.0,0.756441747944625,-0.1377380348247674,0.1008576579510538,9p,0.05378435302132456,0.0940178028227642,p1
598,152366,ghost_additional,0.05642499565100956,0.09768183222444914,0.057448849893924236,0.09945430836245825,0.57764063558266,10,4.4,100000.0,100000.0,3.7661493559787504,0.0335130795183797,-0.0061636441653966,8BL,0.05416413570126233,0.09376787636594773,p1
599,152372,ghost_additional,0.1274391366213162,0.20892089389023868,0.12911955878416517,0.2116757407111065,0.6099875136867318,10,6.0,28000.0,10000.0,3.4582806285436845,0.0216535940154905,0.055866003207596,8BL,0.05668960926700728,0.09293568801823225,p1
600,152377,ghost_additional,0.11872828203605996,0.20275952249437923,0.12079068655957458,0.2062816163814201,0.5855620519098,10,4.4,64000.0,100000.0,1.9651525815071853,-0.0692240875217986,0.0439795913969806,8BL,0.06383908361731643,0.1090218934254814,p1
601,152383,ghost_additional,0.22128575463782724,0.3774214826709264,0.2276550406616689,0.3882848361597578,0.5863093777064253,10,6.0,2800.0,1000.0,2.7060475316353605,0.0703063619340225,0.0824893217592439,8BL,0.08458256719491433,0.14426268862659433,p1
602,152385,ghost_additional,0.21360226829087597,0.3674770145301458,0.2181035453540673,0.37522092038840227,0.5812670176500337,10,6.0,2800.0,1000.0,3.559460311589802,0.0912311699475546,0.1076125124599609,8BL,0.07099835071531688,0.12214412405911391,p1
603,152394,ghost_additional,0.25972300154509786,0.42340039490954523,0.26199336637920645,0.4271015432931373,0.6134217272059578,10,7.0,1000.0,1000.0,2.168336613292252,0.0255849450990032,0.1064954575827831,8BL,0.04406706418451972,0.071838120871979,p1
604,152395,ghost_additional,0.22599714305885216,0.38331654164751716,0.2278651454348234,0.3864848835161583,0.5895835908554926,10,6.8,1000.0,1000.0,2.6606974925822824,0.0528068570717665,0.0569251357134583,8BL,0.04549239303487773,0.07716020890077308,p1
605,152681,ghost_additional,0.15063652379183567,0.2638689167856165,0.15183234886213637,0.2659636349722986,0.570876348858559,10,4.8,8200.0,10000.0,-2.1005055182726946,0.1078272938050753,-0.0436575862836863,8BM,0.049775670070272615,0.08719168375042473,p1
606,154832,ghost_additional,0.0034476239761373735,0.006035919081070653,0.0008100608131248727,0.001418211949043831,0.5711845917466861,10,4.6,82000.0,100000.0,0.5101968854094523,0.1076407309332912,-0.0170703537392963,45,0.09005609965545523,0.15766549195604718,p1
607,155722,ghost_additional,0.10954109689324146,0.19041694943327495,0.11201341711719331,0.1947146211603156,0.5752696764613717,10,3.8,64000.0,100000.0,-1.0751151113671598,-0.0652966981989176,-0.0653445140580151,PoI2,0.08394136314223341,0.14591654414774272,p1
608,156008,ghost_additional,0.15854604857460858,0.26293287976808993,0.1608548729002089,0.26676183567248785,0.6029905758247054,10,4.8,6400.0,10000.0,6.272643354818709,0.0925011145336335,0.0637533322309032,PSL,0.057770289518721624,0.09580628924375752,p1
609,156009,ghost_additional,0.23099655657250867,0.36040444004675065,0.23435861044182754,0.36564996907176245,0.6409370443453595,10,5.0,820.0,1000.0,7.112286030582918,0.0941492797031835,0.1073343864295426,PFm,0.06193927131525945,0.09663861975480448,p1
610,156776,ghost_additional,0.13517324384024498,0.23386771937257786,0.13676818919181427,0.23662718730645568,0.5779901741159011,10,4.4,8200.0,10000.0,1.9171035795878044,0.1020456639983857,-0.0184643403765775,PHT,0.05323754938126754,0.09210805263722721,p1
611,156785,ghost_additional,0.24050980937340846,0.3856516185815937,0.24566468060280505,0.3939173289839083,0.6236452740895808,10,5.6,4600.0,1000.0,4.126841335867733,0.086102099143281,-0.1338394433535175,PHT,0.06817059379382046,0.10930988596576519,p1
612,156844,ghost_additional,0.1756672227570266,0.3069434197905291,0.18555320291200617,0.3242171975000327,0.5723114145170768,10,7.8,6400.0,10000.0,5.731526789354809,0.1292545728684117,0.0271135770171182,PGi,0.1114042320408779,0.19465666630969108,p1
613,156845,ghost_additional,0.21664205019235067,0.3648180396430616,0.2261474714439332,0.38082485431225865,0.5938359035214199,10,7.8,1000.0,1000.0,5.783316227893035,0.1239786405913096,-0.0027874220223656,PGi,0.10414305285140962,0.1753734528913561,p1
614,156846,ghost_additional,0.3000479167300103,0.5068411503643987,0.3112589712825473,0.5257788715395099,0.591995966614565,10,8.0,1000.0,1000.0,6.032747309756248,0.1086602841085811,-0.0317699503122754,PGi,0.09544700145380736,0.1612291414747944,p1
615,156847,ghost_additional,0.4070499186194999,0.6923643187158829,0.4181530993666494,0.7112500765110233,0.5879129059892181,10,8.6,820.0,1000.0,6.239317573965881,0.0070307142338292,0.0367274768084947,PGi,0.07435357432499462,0.1264703896912891,p1
616,156848,ghost_additional,0.3406144283277929,0.5801112786547475,0.3471743547135858,0.5912836981621241,0.5871536045940405,10,8.6,820.0,1000.0,5.614735401412046,-0.0622396479991505,0.0684031248064618,PGi,0.06743743961110349,0.11485485072978459,p1
617,156849,ghost_additional,0.43240276315745696,0.6934478267335856,0.4420866304346997,0.7089779234164671,0.6235548609247873,10,8.2,280.0,100.0,5.328689053635928,-0.0068688508754001,0.0854896185246124,PGi,0.06439375218161641,0.10326878389836422,p1
618,156850,ghost_additional,0.37406897535288,0.5862301569789956,0.38186121909964854,0.5984419376287473,0.6380923446186387,10,8.8,820.0,1000.0,4.834093318735016,-0.0347154940539019,0.0865514427859506,PGi,0.06552098109596993,0.10268260017306602,p1
619,156851,ghost_additional,0.34525638110110596,0.5602905698287588,0.34922351044220756,0.5667285251592912,0.6162095164418463,10,8.2,1000.0,1000.0,2.467609351432791,0.0338838825188678,0.0793411076339954,PGi,0.048908411280100594,0.07936977598546426,p1
620,156852,ghost_additional,0.33830097308855367,0.5280838475698739,0.350594348102164,0.54727366165033,0.6406198080955147,10,8.0,820.0,1000.0,3.1308833196057235,0.078007513636171,0.044818759760252,PGi,0.08744850813787697,0.13650609461772784,p1
621,156858,ghost_additional,0.37475844278864034,0.623231493992948,0.3810742711460004,0.6337348548076382,0.601314995151514,10,7.2,100.0,100.0,8.484239257598608,0.0819931835215766,0.0803602896292815,PGi,0.056233624844099994,0.09351774909576427,p1
622,156859,ghost_additional,0.40370486433148434,0.5722031488689329,0.40677036491875446,0.5765481276984553,0.7055271630879398,10,7.8,100.0,100.0,5.573641371362393,0.0592038669043309,0.0122490741286951,PGi,0.038074421152295757,0.05396591817337301,p1
623,156861,ghost_additional,0.3400153728439433,0.4988571116866177,0.35846201645066517,0.525921297852651,0.6815887052193437,10,7.0,1000.0,1000.0,1.966099103265736,-0.014926976036499,-0.0258686481176019,TPOJ2,0.09869770963922081,0.14480537732423054,p1
624,156862,ghost_additional,0.35802403765206625,0.5029719934993252,0.3688198205148605,0.5181385070761662,0.7118170440488881,10,6.6,640.0,1000.0,1.803157754203742,-0.0668314475642489,0.0092365191011629,TPOJ2,0.07469454517179785,0.10493503323119048,p1
625,156863,ghost_additional,0.3977178950013477,0.5665067123680795,0.4067268952443675,0.5793390721224202,0.7020532790138173,10,6.6,280.0,100.0,2.4126997349904618,-0.0435521407789282,0.0163811406801601,PGi,0.06415221291530582,0.09137798345649949,p1
626,156864,ghost_additional,0.24674318228546147,0.38518504618633004,0.24875925383868114,0.38833228862338126,0.6405834928651449,10,5.4,2800.0,1000.0,-1.300304783532518,-0.1300925926658652,0.0409533556315858,TPOJ2,0.04249750661956231,0.06634186970613813,p1
627,156881,ghost_additional,0.17620539070358085,0.2918564869950451,0.18253448873617784,0.302339641399489,0.6037398466547442,10,5.4,4600.0,1000.0,5.17255185579669,-0.0754469914076137,-0.1329771610788017,PGi,0.09402733168546729,0.15574147077828693,p1
628,156884,ghost_additional,0.06770328932091596,0.10980613474538363,0.06836156221299794,0.11087376975414319,0.6165711003115177,10,5.6,28000.0,10000.0,6.943878027863563,-0.0357643834100865,-0.0055727377159616,PGi,0.049550849449474785,0.08036518322775688,p1
629,156892,ghost_additional,0.037243018525251366,0.06042976366838092,0.037814352190058104,0.06135679804172668,0.6163025678807724,10,5.8,64000.0,100000.0,5.636363718771709,-0.1029980961665099,0.004818844767927,PGi,0.058877017305287785,0.09553264966547716,p1
630,156893,ghost_additional,0.002652145557859775,0.004205463084721532,0.002879897922727917,0.004566606220350908,0.6306429290736216,10,5.4,82000.0,100000.0,6.546629270466532,-0.0623159341249062,0.0042593170445144,PGi,0.060897656588540114,0.09656440083772173,p1
631,156894,ghost_additional,0.012972518036010888,0.021539937016577065,0.013237764638579038,0.021980360001329833,0.6022542232146398,10,5.0,82000.0,100000.0,4.873284618443546,-0.1102943409601031,-0.0105289645811418,PGi,0.07570143593006334,0.1256968120970466,p1
632,156935,ghost_additional,0.26068261238668383,0.41701126271214595,0.26983193208423073,0.4316473342364393,0.6251212753613984,10,5.4,6400.0,10000.0,3.960926265022676,0.0833149972907264,-0.1377006079382125,PGi,0.08939238043823294,0.14300006088667028,p1
633,157066,ghost_additional,0.12737501415228242,0.21325617567524718,0.12782713011361233,0.21401312570596268,0.5972864033079767,10,6.0,6400.0,10000.0,0.4291445113621812,-0.1126388539224309,0.096276982711515,PHT,0.03151389520233647,0.052761782333905015,p1
634,157116,ghost_additional,0.290512559854707,0.48542421761700927,0.29708939029646053,0.49641359712330196,0.5984715004143366,10,3.4,4600.0,1000.0,3.322607474196345,0.0191028763643529,0.1138756656696088,STSvp,0.07505924256862723,0.12541824049543188,p1
635,157280,ghost_additional,0.13443132837213229,0.2300729094887335,0.1369938709987189,0.23445858093100053,0.5842988149750646,10,5.4,28000.0,10000.0,-1.5651349805483374,-0.0548709888609752,-0.087431460376698,VIP,0.08778716179262955,0.15024360745344986,p1
636,157295,ghost_additional,0.13089692064168346,0.22949103969452872,0.1413501796919628,0.24781789777403748,0.5703792218463863,10,4.8,26200.0,10000.0,0.6127477620302739,-0.0107396221657269,-0.1365468912569159,VIP,0.11942817887603277,0.20938381747047052,p1
637,157297,ghost_additional,0.03810053586722506,0.06539153943210267,0.03825298641076513,0.06565318865835205,0.5826523767158839,10,5.2,46000.0,10000.0,-1.5640095846429216,-0.0615994007684084,-0.0476594846589224,7PL,0.042867987508943536,0.07357386534758281,p1
638,159075,ghost_additional,0.08431214527657951,0.14414736523937002,0.08486521287394735,0.14509293763227163,0.5849024374227819,10,7.0,100000.0,100000.0,3.01098117562084,-0.079947569479458,0.0617161643626396,PCV,0.04180758964321685,0.0714778858290127,p1
639,159309,ghost_additional,0.16298659582882807,0.25753543278206,0.16764539546497217,0.2648968110256999,0.6328705687918132,10,7.0,4600.0,1000.0,6.2516400245564,0.0901615563790388,-0.0502219682623594,31pd,0.08140181429212612,0.12862316294392853,p1
640,159324,ghost_additional,0.027979176387178846,0.047613112288489294,0.028366062376762428,0.048271489283221974,0.5876359482163688,10,5.4,64000.0,100000.0,2.1777028632600843,-0.0200730354634521,-0.1249938094222546,31pd,0.04543155207332894,0.0773124112151848,p1
641,159820,ghost_additional,0.14839666131450985,0.2600154542525169,0.15668431932665453,0.2745367995687043,0.5707224662515359,10,4.6,28000.0,10000.0,-1.0149887559018194,0.0820452643155298,-0.087532141115955,Unknown,0.10034375234619411,0.17581882312298772,p1
642,160137,ghost_additional,0.004297575351098731,0.007376499775117959,0.004329121499415614,0.007430646622340971,0.5826036036217472,10,4.0,26200.0,10000.0,1.6468800853273706,0.0462074184648309,-0.0632339664636004,POS1,0.029947187212331968,0.05140233775789524,p1
643,160182,ghost_additional,0.10686506825704689,0.18023512033621625,0.10711728953864182,0.18066050848017245,0.5929203368227981,10,4.4,10000.0,10000.0,-0.2071152925937271,0.0021618603778378,-0.0871995674545394,POS1,0.02269479812947721,0.038276302430590846,p1
644,160185,ghost_additional,0.06987155210342716,0.12197780577960389,0.07086376125571725,0.12370994842746773,0.5728218478505415,10,6.0,46000.0,10000.0,0.1506609983294831,-0.0170003940008833,-0.0648102327316763,POS1,0.05056146233818391,0.08826734267889905,p1
645,160414,ghost_additional,0.060071882325900196,0.0964243684499148,0.06028828173478832,0.09677172191258422,0.62299482269467,10,7.0,8200.0,10000.0,3.1790796044146203,-0.0231202558266712,-0.0725399145353512,TGd,0.036495780751022854,0.058581194291737235,p1
646,160797,ghost_additional,0.0006352306387676976,0.0011095675122154728,0.0004886993611366143,0.0008536189869707178,0.5725029182760885,10,2.8,100000.0,100000.0,-2.613428251491796,0.0652900009010639,0.0167553148311181,H,0.050402625541637394,0.0880390718241384,p1
647,160966,ghost_additional,0.07517839429841708,0.12706088335701704,0.07613558844652764,0.12867866111268875,0.5916722150213611,10,6.8,64000.0,100000.0,3.003194082825988,0.0451366256368213,-0.0619859479123201,STSda,0.060672996545756266,0.1025449480394576,p1
648,161071,ghost_additional,0.3501015623961813,0.6078301327054776,0.35367081855555377,0.614026910092481,0.5759858611119927,10,7.6,1000.0,1000.0,4.2301269588365535,-0.1088947984770788,0.0428042359648318,STSva,0.04663854227248698,0.08097167903123016,p1
649,161117,ghost_additional,0.14643409894775114,0.24440903087875096,0.1470573640031757,0.24544930503123005,0.5991353855512636,10,6.2,4600.0,1000.0,2.5405886455087945,-0.1332154647644233,-0.014288697147475,TE1a,0.03276134558129623,0.054681039329954724,p1
650,163711,ghost_additional,0.03457545668257986,0.0580199238754656,0.03522899793097887,0.05911660970754867,0.5959238546536683,10,4.8,46000.0,10000.0,1.970683373477051,-0.0077795502047612,-0.0556557428239222,PHA1,0.046088992275276526,0.07734040501208324,p1
651,163730,ghost_additional,0.07770113844586372,0.13588133205689126,0.07896551056267605,0.13809242665453025,0.5718308561571324,10,4.8,28000.0,10000.0,1.1932033400454192,-0.0703590352574218,-0.1183555572699665,PreS,0.06317163038681171,0.11047258067069556,p1
652,332,abstract,0.4018073133576454,0.5720002855737444,0.4087466221203846,0.5818788678245312,0.7024599873313226,10,3.6,1000.0,1000.0,7.144392617290764,0.1320336362124828,0.6338671193170432,STGa,0.05917234017164824,0.08423588708083808,p1
653,3147,abstract,0.39353750577346214,0.5698658678941417,0.39964555429974274,0.5787106878249061,0.6905791835326514,10,5.6,1000.0,1000.0,5.518357933701782,0.0975752289990849,0.5732007357896969,TPOJ1,0.05599443351329475,0.081083291892547,p1
654,5144,abstract,0.47763077905444484,0.7381082673416761,0.4803817776456387,0.7423595319013541,0.6471012454238584,10,4.6,1000.0,1000.0,3.381042099364614,-0.0378554243142756,0.5636829633281412,STSdp,0.03258055840808205,0.05034847118358029,p1
655,42273,abstract,0.34429157506769237,0.48660925587573256,0.3476529420537851,0.49136009036102674,0.7075319076043542,10,4.0,1000.0,1000.0,9.43604408047418,0.1257267278588625,0.5956802544971911,A5,0.046756083065444376,0.06608335618920239,p1
656,42276,abstract,0.4888587328725162,0.7219286192569083,0.4975005853898781,0.7346905896098198,0.6771566050057769,10,4.4,1000.0,1000.0,7.354565887406748,0.1323730661343968,0.6199938053994178,STGa,0.055108118353210556,0.08138164487480769,p1
657,55518,abstract,0.4473244757151769,0.6123662681875484,0.4545971120807408,0.6223221669430214,0.7304851670539365,10,6.4,1000.0,1000.0,8.326826462035768,0.1185835673676641,0.6294186438033226,TPOJ1,0.05532463603092558,0.07573683700389305,p1
658,55520,abstract,0.36543215903646165,0.5159252952141543,0.37226042840478296,0.5255655986262616,0.7083044045839528,10,6.6,1000.0,1000.0,6.12949245526644,0.1364854173034497,0.575953594662377,TPOJ1,0.06275382638550736,0.08859725561408587,p1
659,61517,abstract,0.42495728731879917,0.7047262237061478,0.42758466633428305,0.7090833272247367,0.6030104642395074,10,5.6,1000.0,1000.0,5.860868772950156,0.0769070397469977,0.5697542790924273,STSdp,0.034639856459204366,0.057444867897758226,p1
660,61518,abstract,0.48230268210606264,0.7445032480030572,0.48531629232054957,0.7491551868707894,0.6478181034128707,10,5.2,1000.0,1000.0,3.567775060255902,-0.0030509022459359,0.5821447209564974,STSdp,0.033793307806538275,0.0521648092705445,p1
661,61519,abstract,0.4488689367790487,0.7303246387300072,0.45133988154527555,0.7343449477686893,0.6146156284136958,10,5.0,1000.0,1000.0,4.872266316759002,0.0234617169908289,0.5833642906682605,STSdp,0.032327139873606525,0.05259732811715493,p1
662,61521,abstract,0.5219504583051797,0.8963953972546599,0.5310268868981425,0.9119832153795082,0.5822770396899942,10,4.4,1000.0,1000.0,5.752661632643991,-0.0085972112873083,0.5880839351241902,STSdp,0.05359571405348129,0.09204504110623318,p1
663,86683,abstract,0.446098310613624,0.6331811019042487,0.455124902720302,0.6459932273944455,0.7045350994715635,10,3.4,1000.0,1000.0,3.953478417193797,0.1272427864931665,0.5756603882262931,STSdp,0.06093050122122595,0.086483272823351,p1
664,93217,abstract,0.46997001372861513,0.6558474298501416,0.4750505259804752,0.6629373309190822,0.7165843645007519,10,6.0,1000.0,1000.0,7.783395999510189,0.1249626135511561,0.6228414675463857,TPOJ1,0.04475438653708547,0.06245515357883378,p1
665,96813,abstract,0.4610700452745296,0.717975274219575,0.462970776138768,0.7209350799529026,0.6421809522280606,10,5.0,1000.0,1000.0,3.897067970521621,-0.0009248300428535,0.565887514853656,STSdp,0.027932054525491523,0.04349561354721074,p1
666,111909,abstract,0.4003065983934725,0.6225968927041325,0.4019527881746168,0.6251572118361554,0.6429627309169759,10,2.8,1000.0,1000.0,5.528367578773518,0.0522151690968588,0.5753427791139496,STSdp,0.02879415571532229,0.044783553277274485,p1
667,157268,abstract,0.4150458689131482,0.5823076559198116,0.4197648824033331,0.5889284125386386,0.712760453505532,10,4.0,1000.0,1000.0,4.687906187531674,0.1211594017126508,0.6020508100047698,STSdp,0.04705153571671922,0.06601311209861342,p1
668,157269,abstract,0.42032565274158395,0.5964004506216285,0.4257312148786497,0.6040704076499026,0.7047708503631718,10,3.8,1000.0,1000.0,4.719470893633677,0.1248725233368806,0.58901864922194,STSdp,0.05025573509601361,0.07130790819472257,p1
669,161196,abstract,0.41289545890365353,0.621488983365454,0.4188221280257605,0.6304097876223523,0.6643648881236222,10,3.4,1000.0,1000.0,6.609675797140559,0.135550870761588,0.6359900810992998,STGa,0.05271259999415545,0.07934284447667396,p1
670,161222,abstract,0.38098751211693316,0.658131093386837,0.38278724660721886,0.6612400174072499,0.578893044175009,10,3.8,1000.0,1000.0,5.9553541987752485,0.1370883814591448,0.5897742298020906,TA2,0.03125618797863455,0.05399302737032938,p1
671,161223,abstract,0.4493222603192736,0.7209941546060149,0.45544020992783707,0.7308111752513177,0.623198201329114,10,4.4,1000.0,1000.0,7.250186115450003,0.0845816398045735,0.6185633554177129,STGa,0.050900380642412646,0.08167607116621299,p1
672,5686,concrete,0.4997638098734643,0.6513681667434327,0.5108358535286139,0.6657989371099066,0.7672524317116594,10,3.0,1000.0,1000.0,4.343748530522367,-0.0098254192090252,-0.454309856798204,PHA3,0.06082501634613624,0.07927640738842891,p1
673,13366,concrete,0.4768897309496046,0.6253427690253833,0.48675431123973,0.638278136582191,0.7626053335402797,10,3.4,1000.0,1000.0,3.384476298332215,0.0538088638043871,-0.4592395890573213,PHA3,0.060214436045795905,0.07895884463102233,p1
674,13367,concrete,0.5422839887975093,0.6694610961253918,0.5572839643106788,0.6879788843255709,0.8100306230430125,10,3.6,1000.0,1000.0,3.8261891339567415,0.0192566384500005,-0.4762087662682923,PHA3,0.06510275784943864,0.08037073660853646,p1
675,28665,concrete,0.3743824367302232,0.49366332621042014,0.37816459747465825,0.49865051009027106,0.7583760365675728,10,2.8,1000.0,1000.0,4.494738183208009,-0.005306594396745,-0.4245736587015052,PHA3,0.045297741516345136,0.05972992200724557,p1
676,32056,concrete,0.38452766461257754,0.5274973385729438,0.39414858502380273,0.5406953744454905,0.7289660752656176,10,4.2,1000.0,1000.0,2.686853238807247,-0.0201613734980003,-0.4434322945472738,VVC,0.06780721931954858,0.0930183469715532,p1
677,32057,concrete,0.3933030575287849,0.6007785557817337,0.3983016880445952,0.6084140672904517,0.6546556193521564,10,4.8,1000.0,1000.0,3.1977479487664056,0.0039531196158057,-0.4286520465081911,PHA3,0.04960306003095455,0.07576970022810078,p1
678,33597,concrete,0.44907806902813785,0.5964280331675473,0.454097027581783,0.6030937952814226,0.7529459449502163,10,5.6,1000.0,1000.0,7.983502262789596,0.1361767868768116,-0.4975721805379673,TPOJ3,0.04597175146038507,0.06105584573328787,p1
679,63134,concrete,0.3891885539475336,0.5279747409269968,0.39586660425086645,0.5370342105414988,0.737134797896225,10,2.8,1000.0,1000.0,4.051108060319417,0.0166942322483341,-0.4344566984734351,PHA3,0.057889930217090046,0.07853370968553824,p1
680,63135,concrete,0.39250042723337275,0.5349938505261461,0.39804457891461864,0.5425507519969494,0.7336540912523826,10,3.0,1000.0,1000.0,3.458685785305907,0.0092029013482418,-0.4387042373087508,PHA3,0.05280302583559782,0.07197264550854005,p1
681,63136,concrete,0.4062055705744044,0.5935354567589373,0.41528917981517943,0.6068081554866264,0.6843829900113004,10,2.6,1000.0,1000.0,3.319605745468638,0.0324375155846615,-0.435725127132699,PHA3,0.06491152246835741,0.09484677938486694,p1
682,63138,concrete,0.5029443455082552,0.6606303301301553,0.5156737160236334,0.6773506856148664,0.7613098015181451,10,3.2,1000.0,1000.0,4.081417780698471,-0.003813749710522,-0.4527666930498256,PHA3,0.06445293318775613,0.084660585032833,p1
683,63139,concrete,0.5247357457938242,0.6952140090317128,0.53833516822217,0.7132316666102396,0.7547830437488896,10,4.6,1000.0,1000.0,4.226043333980398,0.0134695694132276,-0.4650963441353614,PHA3,0.06411363716437024,0.08494313391822875,p1
684,73961,concrete,0.495394214376371,0.6408296956353519,0.49722545919822236,0.6431985486170083,0.7730512767283848,10,3.8,1000.0,1000.0,9.998632087624667,0.130870444467099,-0.4921231958877806,TPOJ3,0.026118540068600593,0.033786297047637456,p1
685,97786,concrete,0.48340531516336294,0.667003637631641,0.4950857370865741,0.6831203075718988,0.7247416474066188,10,2.8,1000.0,1000.0,3.7806238979349502,0.0257412038292255,-0.4318804943831993,PHA3,0.06401459747640481,0.08832747187286892,p1
686,97788,concrete,0.5501183753943011,0.6846631480006966,0.5644965214193269,0.7025578178757976,0.8034876376809773,10,3.6,1000.0,1000.0,4.025227772863271,0.0172180711554641,-0.4797208858924473,PHA3,0.06299367928213306,0.07840030926168966,p1
687,97789,concrete,0.5379061113876339,0.6753082282063204,0.5494709373295413,0.6898271599511133,0.7965342178879725,10,3.6,1000.0,1000.0,5.0129062786925855,0.0260245445838223,-0.4889107777648042,PHA3,0.058129602963513216,0.07297816171368644,p1
688,97790,concrete,0.5543947988498003,0.7500313950810585,0.5654388796866392,0.7649727462167977,0.7391621237266806,10,3.8,1000.0,1000.0,5.499595339039103,-0.0053287568082858,-0.4831102778463926,PHA3,0.0553686297826228,0.07490728759675519,p1
689,128331,concrete,0.46676887534746125,0.6371415593535289,0.48090504570243614,0.6564374938062091,0.7325983817804397,10,3.0,1000.0,1000.0,3.3866745763978843,0.002621878927431,-0.4222915201575655,PHA3,0.07156602247348337,0.09768793414415672,p1
690,137478,concrete,0.39807306285468597,0.562194062426047,0.4041524785053038,0.5707799520546677,0.7080705568765232,10,3.8,1000.0,1000.0,3.34648481493682,0.0034264886967194,-0.439947634512762,PHA3,0.05357926941429236,0.07566939324612501,p1
691,162339,concrete,0.4338551757681852,0.7450926892833204,0.43495357958383135,0.7469790621990515,0.5822834957426517,10,5.0,1000.0,1000.0,1.0514170590323428,0.1342823593693524,-0.4246593890760607,TF,0.02255576378006391,0.038736738968182506,p1
